time/total_timesteps,time/iterations,time/fps,time/time_elapsed,train/reward,train/learning_rate,train/approx_kl,train/entropy_loss,train/std,train/n_updates,train/clip_range,train/value_loss,train/clip_fraction,train/explained_variance,train/loss,train/policy_gradient_loss
2048,1,258,7,-8.524504,,,,,,,,,,,
4096,2,240,17,-3.7176287,0.00025,0.018989038,-53.949777889251706,1.0018547773361206,10,0.2,3018.2716529846193,0.27265625,-0.001241445541381836,1104.4114990234375,-0.024431106640258805
6144,3,232,26,-11.854167,0.00025,0.017111788,-54.04971723556518,1.0048595666885376,20,0.2,2300.2481189727782,0.239501953125,-0.0005125999450683594,1136.6182861328125,-0.022305461912765168
8192,4,232,35,-8.819344,0.00025,0.017889049,-54.11804730892182,1.0059858560562134,30,0.2,1077.0979572296142,0.2119140625,0.004468321800231934,718.3546142578125,-0.027169158100150526
10240,5,231,44,8.849718,0.00025,0.021583462,-54.21547999382019,1.0098479986190796,40,0.2,1573.1671337127686,0.248095703125,-0.010050058364868164,658.8394775390625,-0.026682489170343614
12288,6,231,52,3.9369333,0.00025,0.024609892,-54.323502850532535,1.0113688707351685,50,0.2,1661.6227680206298,0.2154296875,-0.0036464929580688477,691.5072021484375,-0.029027043216046877
14336,7,232,61,15.6959715,0.00025,0.025299633,-54.38834092617035,1.014083743095398,60,0.2,2294.300048828125,0.2412109375,-0.0006537437438964844,1275.920166015625,-0.027067673049168663
16384,8,230,71,-11.285718,0.00025,0.026392294,-54.48230469226837,1.0158096551895142,70,0.2,2927.905683898926,0.30498046875,-0.000777125358581543,1414.36328125,-0.024850290337053594
18432,9,230,80,3.9849346,0.00025,0.021284057,-54.545385932922365,1.0175784826278687,80,0.2,2157.740534210205,0.23330078125,-0.00043487548828125,1260.1097412109375,-0.03314670793333789
20480,10,230,88,0.13367374,0.00025,0.032366104,-54.619735312461856,1.019894003868103,90,0.2,1990.8164649963378,0.327392578125,-0.0016274452209472656,693.0173950195312,-0.027138957226998172
22528,11,230,97,0.010574052,0.00025,0.045898095,-54.71140205860138,1.0227307081222534,100,0.2,2151.9254444122316,0.3314453125,-0.001046895980834961,966.48876953125,-0.018473727715900168
24576,12,230,106,-8.00219,0.00025,0.037432216,-54.81088302135468,1.0249099731445312,110,0.2,2201.6307060241697,0.352783203125,8.577108383178711e-05,1175.4774169921875,-0.021835238122730517
26624,13,230,115,-0.27307907,0.00025,0.032159768,-54.890059447288515,1.0276696681976318,120,0.2,1524.7175441741942,0.2759765625,-0.002277970314025879,587.9977416992188,-0.025773926699184813
28672,14,229,124,5.2231154,0.00025,0.03331959,-55.00070366859436,1.0307527780532837,130,0.2,1448.5405460357665,0.348974609375,0.0010014176368713379,638.8607177734375,-0.023355414473917334
30720,15,229,133,-33.331825,0.00025,0.0269477,-55.08502607345581,1.031961441040039,140,0.2,1868.0069664001464,0.260986328125,-0.001910567283630371,785.995361328125,-0.01663385448337067
32768,16,229,143,3.2483292,0.00025,0.0352526,-55.14012749195099,1.0337963104248047,150,0.2,1599.135718536377,0.360693359375,-0.0003453493118286133,882.3472900390625,-0.021569651929894462
34816,17,229,151,7.3508015,0.00025,0.03417223,-55.2139888048172,1.0362716913223267,160,0.2,2081.4818267822266,0.311669921875,0.0020754337310791016,1227.4058837890625,-0.01937052646826487
36864,18,229,160,-0.18945894,0.00025,0.04306218,-55.30961844921112,1.0388023853302002,170,0.2,1220.5072875976562,0.38447265625,0.0017129778861999512,694.9656372070312,-0.02480759416939691
38912,19,229,169,-2.4056697,0.00025,0.026176454,-55.435072374343875,1.0431982278823853,180,0.2,1999.7996437072754,0.293701171875,0.0014210343360900879,789.0213623046875,-0.034112594736507164
40960,20,228,179,3.612962,0.00025,0.038468167,-55.559650087356566,1.0455751419067383,190,0.2,1493.3626152038573,0.376318359375,0.012526512145996094,1012.7724609375,-0.01549087074236013
43008,21,228,188,-3.1701312,0.00025,0.026292134,-55.6198673248291,1.047210454940796,200,0.2,1419.268713760376,0.258740234375,0.008225083351135254,1058.59814453125,-0.025365579717617947
45056,22,228,197,-5.637415,0.00025,0.033302203,-55.72741508483887,1.0509852170944214,210,0.2,1677.0471488952637,0.300927734375,0.0010175704956054688,788.9998779296875,-0.029322026859153992
47104,23,228,206,5.688355,0.00025,0.034392253,-55.840868425369266,1.0534378290176392,220,0.2,1313.3435829162597,0.318994140625,0.009661853313446045,514.58642578125,-0.02495586951263249
49152,24,228,215,-2.0912633,0.00025,0.0377974,-55.89569005966187,1.0545763969421387,230,0.2,1916.525032043457,0.31708984375,0.011882364749908447,824.1911010742188,-0.026264865252596793
51200,25,228,223,34.46914,0.00025,0.04948041,-55.987506532669066,1.058436632156372,240,0.2,1359.1733654022216,0.427783203125,0.021606266498565674,566.9479370117188,-0.012460060784360395
53248,26,228,232,-40.5174,0.00025,0.031213388,-56.10249376296997,1.0608500242233276,250,0.2,2200.989813232422,0.2849609375,0.01767367124557495,1261.0037841796875,-0.027872460256912746
55296,27,228,242,-10.841137,0.00025,0.035155162,-56.21253187656403,1.064848780632019,260,0.2,2066.000648498535,0.30458984375,0.028120100498199463,1012.5454711914062,-0.022807157784700393
57344,28,228,251,-2.4022036,0.00025,0.0273897,-56.338247013092044,1.0676263570785522,270,0.2,1935.5376716613769,0.2791015625,0.03339862823486328,1427.4361572265625,-0.02951652298506815
59392,29,228,260,-4.0755997,0.00025,0.032655388,-56.42207922935486,1.0708651542663574,280,0.2,2125.4999828338623,0.269287109375,0.008048295974731445,1386.656005859375,-0.022709590836893768
61440,30,227,269,2.625296,0.00025,0.042265423,-56.52237207889557,1.0719224214553833,290,0.2,2255.576725769043,0.352490234375,0.01674056053161621,794.843017578125,-0.019201188208535315
63488,31,227,278,-3.5460973,0.00025,0.030906161,-56.56108355522156,1.0731614828109741,300,0.2,1873.7379440307618,0.318212890625,0.04986238479614258,843.4107666015625,-0.01963529555941932
65536,32,227,287,-1.7545301,0.00025,0.029107666,-56.59551999568939,1.07424795627594,310,0.2,1859.4151710510255,0.256982421875,0.0442543625831604,1535.3463134765625,-0.02215102582704276
67584,33,227,296,-2.5897903,0.00025,0.023161381,-56.64180052280426,1.0756272077560425,320,0.2,2786.1517990112307,0.228759765625,0.055984437465667725,1283.3277587890625,-0.026636966280057094
69632,34,227,305,-13.14142,0.00025,0.027689986,-56.70886220932007,1.0779485702514648,330,0.2,2498.3067878723145,0.26787109375,0.05074948072433472,757.4449462890625,-0.024723247514339165
71680,35,228,314,-15.009219,0.00025,0.020523027,-56.768823862075806,1.0791047811508179,340,0.2,1904.0274967193604,0.196630859375,0.05535149574279785,850.0170288085938,-0.02585735866741743
73728,36,227,323,-11.978147,0.00025,0.02443922,-56.81291215419769,1.0802969932556152,350,0.2,2273.12406539917,0.243505859375,0.04944157600402832,1085.673095703125,-0.0274765176785877
75776,37,227,332,0.5252837,0.00025,0.025680745,-56.876082229614255,1.0830674171447754,360,0.2,2256.4357368469236,0.238330078125,0.04624861478805542,1007.1043090820312,-0.021066391547356032
77824,38,227,342,0.015207669,0.00025,0.024506643,-56.97374999523163,1.085675597190857,370,0.2,3173.472983551025,0.2978515625,0.0336611270904541,2003.6639404296875,-0.02290561397676356
79872,39,227,350,-4.757452,0.00025,0.029715225,-57.085110545158386,1.0893657207489014,380,0.2,2706.3505897521973,0.27705078125,0.052012860774993896,1024.0836181640625,-0.024459899227076677
81920,40,227,359,11.609581,0.00025,0.026530677,-57.174517917633054,1.0908530950546265,390,0.2,2479.6885719299316,0.279931640625,0.027340054512023926,863.23046875,-0.028510990383801983
83968,41,228,367,-13.590822,0.00025,0.025066897,-57.24934253692627,1.093875527381897,400,0.2,2546.8268501281736,0.28330078125,0.04172468185424805,1244.7532958984375,-0.02555996812006924
86016,42,228,375,7.4518027,0.00025,0.02265548,-57.35667986869812,1.0966695547103882,410,0.2,2546.28551940918,0.247265625,0.043650031089782715,1326.054931640625,-0.02540317944367416
88064,43,229,383,11.413863,0.00025,0.02516643,-57.44612329006195,1.099182367324829,420,0.2,2076.0414192199705,0.26396484375,0.04341787099838257,819.6897583007812,-0.025184595747850834
90112,44,229,391,-2.141923,0.00025,0.023646493,-57.53147964477539,1.1017340421676636,430,0.2,2595.754419708252,0.229638671875,-0.01263117790222168,1065.8311767578125,-0.023291203688131645
92160,45,230,399,6.6233816,0.00025,0.029127773,-57.59020593166351,1.1024469137191772,440,0.2,1908.7296226501464,0.27880859375,0.03081744909286499,711.2769775390625,-0.024347266679251335
94208,46,230,407,-2.7012737,0.00025,0.022952542,-57.62651422023773,1.1040900945663452,450,0.2,3838.919645690918,0.2498046875,0.03072071075439453,2090.49560546875,-0.024547677114605905
96256,47,231,415,-3.4280286,0.00025,0.036515594,-57.675451612472536,1.1054456233978271,460,0.2,2058.421678161621,0.282666015625,0.06277346611022949,1152.2969970703125,-0.01997827487939503
98304,48,231,425,8.3249035,0.00025,0.020224692,-57.72706003189087,1.1069914102554321,470,0.2,2562.4530181884766,0.216796875,0.09715640544891357,866.4629516601562,-0.02852512615500018
100352,49,231,433,-11.84638,0.00025,0.028837828,-57.760022807121274,1.107691764831543,480,0.2,2293.7002349853515,0.287646484375,0.0287703275680542,1894.041748046875,-0.028659346482891125
102400,50,232,441,5.383512,0.00025,0.023262434,-57.83232889175415,1.1109455823898315,490,0.2,2473.067755126953,0.263525390625,0.04208195209503174,1479.2386474609375,-0.027169424571911804
104448,51,232,449,0.7921661,0.00025,0.039887093,-57.93423476219177,1.113642930984497,500,0.2,1950.0551322937013,0.346923828125,-0.0003286600112915039,1027.0758056640625,-0.018104940210469066
106496,52,232,457,-4.2640285,0.00025,0.02488356,-57.998642325401306,1.1150974035263062,510,0.2,1925.2878326416017,0.244091796875,0.02352893352508545,1143.360595703125,-0.021454782746150158
108544,53,233,465,-9.424259,0.00025,0.031748287,-58.06700174808502,1.1173205375671387,520,0.2,1414.8347076416017,0.308447265625,0.03256577253341675,540.8045654296875,-0.026508320326684043
110592,54,233,473,4.727483,0.00025,0.03242917,-58.15173888206482,1.119711995124817,530,0.2,1366.4112590789796,0.31572265625,0.0271453857421875,632.7169189453125,-0.023023557878332213
112640,55,233,482,-5.9284577,0.00025,0.029045453,-58.25732066631317,1.1239855289459229,540,0.2,1824.2915805816651,0.324169921875,0.026629090309143066,727.104248046875,-0.020895784645108505
114688,56,233,490,-4.3472095,0.00025,0.025577765,-58.377139234542845,1.1261638402938843,550,0.2,2222.590259552002,0.271240234375,0.01698821783065796,1205.64697265625,-0.0271284987044055
116736,57,233,498,17.492094,0.00025,0.025613159,-58.450704503059384,1.128786563873291,560,0.2,1519.657847595215,0.266064453125,0.01839292049407959,466.8442077636719,-0.020040869523654692
118784,58,234,507,-3.6639147,0.00025,0.042520896,-58.56641798019409,1.132495641708374,570,0.2,2028.8517715454102,0.37451171875,0.011635541915893555,1113.0587158203125,-0.014862397250544746
120832,59,234,515,7.2159476,0.00025,0.02983668,-58.66583638191223,1.1354542970657349,580,0.2,1954.57631149292,0.28623046875,0.01776719093322754,796.2047729492188,-0.020982280548196286
122880,60,234,523,1.6549548,0.00025,0.025115507,-58.75968554019928,1.1379717588424683,590,0.2,2903.4724464416504,0.303662109375,0.048641324043273926,1341.9306640625,-0.02229225867195055
124928,61,235,531,32.857105,0.00025,0.020860402,-58.84987463951111,1.1407150030136108,600,0.2,2480.2185203552244,0.243359375,0.07594567537307739,1061.6224365234375,-0.02573219191690441
126976,62,235,540,48.365574,0.00025,0.025138684,-58.926649284362796,1.142937421798706,610,0.2,2825.296869659424,0.25927734375,0.017875313758850098,1358.1072998046875,-0.024084457417484374
129024,63,234,549,-5.640754,0.00025,0.024153378,-59.008247423171994,1.1457898616790771,620,0.2,2338.8004806518557,0.213232421875,0.07422775030136108,1359.8929443359375,-0.026612382582970894
131072,64,235,557,2.3912752,0.00025,0.028144635,-59.0616758108139,1.1462210416793823,630,0.2,2372.7724670410157,0.255615234375,0.02471262216567993,985.03271484375,-0.0269030606810702
133120,65,235,565,-5.552121,0.00025,0.030949827,-59.13207869529724,1.1500229835510254,640,0.2,1436.9171592712403,0.28095703125,0.009868025779724121,551.484375,-0.029053559634485283
135168,66,235,573,13.165623,0.00025,0.035862535,-59.21808507442474,1.151322364807129,650,0.2,1883.3323448181152,0.278955078125,0.036792874336242676,676.6366577148438,-0.034998647452448496
137216,67,235,581,5.606277,0.00025,0.043597892,-59.29020788669586,1.154942512512207,660,0.2,2412.707550048828,0.339599609375,0.014270007610321045,1295.892578125,-0.00564239872910548
139264,68,236,589,-5.1794953,0.00025,0.038890876,-59.422823905944824,1.1587468385696411,670,0.2,2215.549462890625,0.3859375,0.028255462646484375,747.85888671875,-0.016289724750095047
141312,69,236,598,5.6048565,0.00025,0.019965276,-59.51214396953583,1.160671591758728,680,0.2,2428.453087615967,0.206640625,0.03683483600616455,1697.548828125,-0.028639794257469476
143360,70,235,607,5.843803,0.00025,0.022642266,-59.56121037006378,1.1618320941925049,690,0.2,2129.7071800231934,0.2451171875,0.0006227493286132812,1134.90625,-0.026518680153094464
145408,71,236,615,6.702913,0.00025,0.034167513,-59.620350408554074,1.1643871068954468,700,0.2,1894.781937789917,0.343017578125,0.06238424777984619,975.9815673828125,-0.02109366249642335
147456,72,236,624,-3.6466732,0.00025,0.030421518,-59.6986620426178,1.1667267084121704,710,0.2,2478.6039039611815,0.256298828125,0.027252376079559326,989.7195434570312,-0.02647586292005144
149504,73,236,632,-1.0468191,0.00025,0.031492524,-59.79052987098694,1.1696635484695435,720,0.2,2345.4869400024413,0.30048828125,0.02989017963409424,1513.4827880859375,-0.025362751135253346
151552,74,236,640,1.4985706,0.00025,0.035780095,-59.911534214019774,1.1740949153900146,730,0.2,1406.0904033660888,0.325048828125,0.10882419347763062,742.75927734375,-0.021823798285913652
153600,75,236,648,0.5127313,0.00025,0.03944653,-60.038142108917235,1.1777490377426147,740,0.2,1903.5622695922852,0.365283203125,0.08943748474121094,669.3383178710938,-0.015987285878509283
155648,76,236,656,14.002259,0.00025,0.022183886,-60.11570084095001,1.1785460710525513,750,0.2,1639.156476211548,0.236376953125,0.07629573345184326,684.50146484375,-0.02987332335906103
157696,77,236,666,-5.3472633,0.00025,0.020039879,-60.17634618282318,1.1821656227111816,760,0.2,1919.2866897583008,0.25029296875,0.14027392864227295,1244.1221923828125,-0.026317865165765397
159744,78,236,674,1.8443505,0.00025,0.027710365,-60.284364628791806,1.1845566034317017,770,0.2,1794.3602863311767,0.263427734375,-0.014977216720581055,674.62890625,-0.021136835214565507
161792,79,237,682,-8.112898,0.00025,0.032969836,-60.36126325130463,1.1874841451644897,780,0.2,1511.3567062377929,0.288134765625,0.02287745475769043,634.7406616210938,-0.026327559357741847
163840,80,237,690,34.902428,0.00025,0.040021993,-60.44267826080322,1.189671516418457,790,0.2,1871.5032928466796,0.362255859375,0.04985529184341431,722.363525390625,-0.016351110252435318
165888,81,237,698,-9.607943,0.00025,0.03715772,-60.528360271453856,1.1925876140594482,800,0.2,2510.091185760498,0.37353515625,0.04626494646072388,1012.8496704101562,-0.019108055846299977
167936,82,237,706,9.787343,0.00025,0.02961162,-60.613875484466554,1.1952728033065796,810,0.2,2329.40517578125,0.26650390625,0.03392505645751953,1365.2073974609375,-0.026273698403383606
169984,83,237,714,14.824418,0.00025,0.037682615,-60.74316494464874,1.200505256652832,820,0.2,2121.854630279541,0.334619140625,0.01210629940032959,939.987060546875,-0.02591421779070515
172032,84,237,724,2.5223877,0.00025,0.027020939,-60.87313063144684,1.2037978172302246,830,0.2,1870.2482780456544,0.2796875,0.01972508430480957,876.5873413085938,-0.02753220831218641
174080,85,237,732,0.0439573,0.00025,0.027638566,-60.994240927696225,1.2082033157348633,840,0.2,1867.4380485534668,0.31875,0.004553794860839844,1014.813720703125,-0.023689315831870773
176128,86,237,741,1.6404483,0.00025,0.033473104,-61.10574896335602,1.2106831073760986,850,0.2,1835.29038772583,0.333544921875,0.024402320384979248,816.1461181640625,-0.014673033698636572
178176,87,237,749,-6.307958,0.00025,0.022911822,-61.206375098228456,1.2150182723999023,860,0.2,2473.8108055114744,0.225537109375,0.002221524715423584,1279.8665771484375,-0.03260676017380319
180224,88,237,757,-37.290768,0.00025,0.029378157,-61.34174404144287,1.2189970016479492,870,0.2,1501.7978046417236,0.309130859375,-0.0072290897369384766,855.3048706054688,-0.022893328097416087
182272,89,238,765,6.132735,0.00025,0.02889029,-61.405405974388124,1.2198486328125,880,0.2,1570.144874191284,0.2814453125,-0.003667593002319336,744.7200927734375,-0.027915711951209232
184320,90,238,773,-0.27285382,0.00025,0.018708883,-61.4425369977951,1.2212984561920166,890,0.2,1882.892414855957,0.22119140625,-0.006673574447631836,943.9605712890625,-0.0321254187845625
186368,91,238,782,-0.65032506,0.00025,0.037476704,-61.49949727058411,1.2232999801635742,900,0.2,2260.2026794433596,0.31953125,0.00136566162109375,713.6146850585938,-0.011890411251806654
188416,92,238,791,-5.6720214,0.00025,0.021162007,-61.59021072387695,1.227260947227478,910,0.2,2126.481756591797,0.2201171875,0.01568359136581421,740.1516723632812,-0.030671221618831623
190464,93,238,799,1.6144227,0.00025,0.043233648,-61.67984826564789,1.2290396690368652,920,0.2,1953.5395362854003,0.299169921875,-0.01702868938446045,608.1085815429688,-0.020239389728521927
192512,94,238,807,15.413993,0.00025,0.01874049,-61.74196813106537,1.231296181678772,930,0.2,2477.950532531738,0.2017578125,0.005727946758270264,978.03857421875,-0.026850091316737233
194560,95,238,815,1.6822908,0.00025,0.044464827,-61.83101470470429,1.2346991300582886,940,0.2,1541.9255390167236,0.327099609375,-0.009115457534790039,814.5111083984375,-0.017019566625822335
196608,96,238,823,3.4506867,0.00025,0.027398532,-61.93518154621124,1.2384889125823975,950,0.2,2390.23815612793,0.277197265625,0.011235833168029785,1279.248779296875,-0.027928276275633834
198656,97,239,831,-2.403937,0.00025,0.023813661,-62.03897652626038,1.2414495944976807,960,0.2,1929.3983917236328,0.244140625,-0.02333521842956543,1070.010498046875,-0.02493372313620057
200704,98,239,839,15.416338,0.00025,0.034757964,-62.09745817184448,1.2427165508270264,970,0.2,2462.7026557922363,0.279345703125,0.008896350860595703,1190.9925537109375,-0.018654896458610893
202752,99,238,848,38.268547,0.00025,0.025008913,-62.18796391487122,1.247161626815796,980,0.2,2090.1301231384277,0.2619140625,0.020624995231628418,944.6630859375,-0.03155355405760929
204800,100,239,856,0.305922,0.00025,0.034969285,-62.312187910079956,1.2512716054916382,990,0.2,2891.576798248291,0.2640625,0.010675370693206787,1685.8792724609375,-0.0235077187709976
206848,101,239,864,8.175851,0.00025,0.047613814,-62.44716911315918,1.255911946296692,1000,0.2,2111.371675872803,0.2904296875,0.022697746753692627,1027.501953125,-0.026182532374514268
208896,102,239,873,5.297442,0.00025,0.033832,-62.57553465366364,1.2598862648010254,1010,0.2,2032.6992809295655,0.318798828125,0.0025290846824645996,891.6654663085938,-0.02089634657895658
210944,103,239,881,-22.150457,0.00025,0.026120262,-62.685251688957216,1.26313054561615,1020,0.2,2494.3589149475097,0.2724609375,0.011133909225463867,995.7830200195312,-0.024325680424226448
212992,104,239,889,-11.793726,0.00025,0.049926937,-62.79470887184143,1.2674570083618164,1030,0.2,1751.5892452239991,0.357275390625,-0.004043459892272949,743.4012451171875,-0.010051782611117232
215040,105,239,897,3.9865348,0.00025,0.036096346,-62.94067814350128,1.2726821899414062,1040,0.2,2204.106439971924,0.306982421875,6.556510925292969e-06,834.5709838867188,-0.017405491668614558
217088,106,239,906,-68.785805,0.00025,0.030400671,-63.05432550907135,1.275282859802246,1050,0.2,2008.4470851898193,0.243310546875,0.0004283785820007324,1472.1143798828125,-0.022130672622006388
219136,107,239,914,28.733416,0.00025,0.030470166,-63.13203101158142,1.2776014804840088,1060,0.2,2328.473210144043,0.269140625,0.007418453693389893,1174.603271484375,-0.02161990552849602
221184,108,239,922,-17.808722,0.00025,0.06321371,-63.16185200214386,1.2780941724777222,1070,0.2,2530.963758087158,0.32470703125,0.010780036449432373,1019.8960571289062,-0.008425526245264336
223232,109,239,930,3.6808362,0.00025,0.03403171,-63.21009097099304,1.2804861068725586,1080,0.2,1255.817346572876,0.312158203125,0.031247437000274658,485.09490966796875,-0.029871962833567522
225280,110,239,938,-13.866593,0.00025,0.03699488,-63.28868639469147,1.2837885618209839,1090,0.2,1909.8840686798096,0.26904296875,0.0006746053695678711,1134.4927978515625,-0.020543544690008277
227328,111,240,947,-0.7858346,0.00025,0.056270838,-63.373004174232484,1.2864980697631836,1100,0.2,2044.8496997833251,0.350537109375,0.01316756010055542,718.7010498046875,-0.00987551617436111
229376,112,240,955,-2.457426,0.00025,0.037609234,-63.4555704832077,1.289380669593811,1110,0.2,2209.4744956970217,0.293212890625,0.00011247396469116211,1243.4771728515625,-0.017007332752109507
231424,113,239,964,43.553864,0.00025,0.038979433,-63.56413450241089,1.2940034866333008,1120,0.2,1381.143989944458,0.33203125,0.013780653476715088,488.90789794921875,-0.015492893056944013
233472,114,240,972,-10.114688,0.00025,0.029497694,-63.673674964904784,1.2967031002044678,1130,0.2,1973.5036975860596,0.27392578125,-0.0030319690704345703,984.9441528320312,-0.021566544933011755
235520,115,240,980,-17.312834,0.00025,0.030451223,-63.77277059555054,1.3007850646972656,1140,0.2,1985.1628295898438,0.26572265625,0.0029703378677368164,1148.0101318359375,-0.026992094356683084
237568,116,240,988,10.934207,0.00025,0.05177555,-63.884373903274536,1.3043410778045654,1150,0.2,2151.7991134643553,0.376611328125,0.03875797986984253,1046.18994140625,-0.010767579975072295
239616,117,240,996,-2.6740968,0.00025,0.036686733,-63.958273553848265,1.305960774421692,1160,0.2,2048.398202896118,0.311474609375,0.024024009704589844,691.62158203125,-0.018812314220122063
241664,118,240,1004,4.0928955,0.00025,0.061309792,-64.04633405208588,1.3106476068496704,1170,0.2,2087.253287887573,0.38701171875,0.015400707721710205,1145.7474365234375,-0.0026607240870362148
243712,119,240,1012,21.60492,0.00025,0.024480969,-64.17655596733093,1.3147448301315308,1180,0.2,1442.4020473480225,0.251416015625,-0.0014216899871826172,832.0648803710938,-0.029024883138481526
245760,120,240,1022,4.228345,0.00025,0.028170288,-64.29289679527282,1.318712830543518,1190,0.2,1928.0225238800049,0.251416015625,-0.007570981979370117,800.3509521484375,-0.02513407290680334
247808,121,240,1031,2.1383634,0.00025,0.026191859,-64.3906759262085,1.3219830989837646,1200,0.2,2183.0876960754395,0.23515625,-0.005995035171508789,1499.1881103515625,-0.0251610983221326
249856,122,240,1039,1.8044772,0.00025,0.026093913,-64.47338962554932,1.3241889476776123,1210,0.2,2282.9157531738283,0.29921875,-0.008947014808654785,961.7286987304688,-0.030176147709426004
251904,123,240,1047,-8.872314,0.00025,0.023271453,-64.54396710395812,1.3271207809448242,1220,0.2,1603.616081237793,0.260693359375,0.008367002010345459,962.1993408203125,-0.022809147051884793
253952,124,240,1056,-10.404264,0.00025,0.045517996,-64.63815312385559,1.3310534954071045,1230,0.2,1702.9027767181396,0.357666015625,-0.012494802474975586,712.7990112304688,-0.009388172838225729
256000,125,240,1064,21.870882,0.00025,0.07876469,-64.71630525588989,1.3326752185821533,1240,0.2,2357.37765045166,0.324658203125,0.03000009059906006,1403.18896484375,-0.011439356519258582
258048,126,240,1072,-2.3475575,0.00025,0.02842504,-64.7870029449463,1.3359479904174805,1250,0.2,1547.4542125701905,0.290771484375,-0.030968904495239258,745.799072265625,-0.027345766843063758
260096,127,240,1081,-0.5097825,0.00025,0.035546094,-64.92829608917236,1.342077374458313,1260,0.2,1836.1814189910888,0.321240234375,-0.0029098987579345703,779.0360107421875,-0.020256933828932233
262144,128,240,1090,-3.3054028,0.00025,0.033954825,-65.09365429878235,1.3470309972763062,1270,0.2,1413.8680084228515,0.34951171875,-0.00010025501251220703,706.1531372070312,-0.025748176890192553
264192,129,240,1098,-2.5230446,0.00025,0.032184407,-65.19565086364746,1.3499248027801514,1280,0.2,1779.8237937927247,0.311376953125,0.01002734899520874,1324.89404296875,-0.027530017052777113
266240,130,240,1106,5.9529247,0.00025,0.035060827,-65.2571831703186,1.3523619174957275,1290,0.2,2281.455450439453,0.297021484375,0.01972895860671997,920.3187866210938,-0.02419467593281297
268288,131,240,1114,0.2859387,0.00025,0.039403778,-65.32934293746948,1.3548080921173096,1300,0.2,1870.722365951538,0.286279296875,-0.00492548942565918,895.8770141601562,-0.01603454756841529
270336,132,240,1125,-2.0182574,0.00025,0.028385751,-65.41316013336181,1.3579949140548706,1310,0.2,1302.3142261505127,0.26455078125,0.012141644954681396,490.2266845703125,-0.02156671253906097
272384,133,240,1133,6.335924,0.00025,0.042953454,-65.4934266090393,1.3603118658065796,1320,0.2,1935.115438079834,0.324267578125,0.008922874927520752,847.0111083984375,-0.023878878157120198
274432,134,240,1142,0.90679055,0.00025,0.027647708,-65.56323680877685,1.3639525175094604,1330,0.2,2063.166743469238,0.2568359375,0.0042168498039245605,864.0513916015625,-0.026116348599316552
276480,135,240,1151,-21.898327,0.00025,0.032849196,-65.69021844863892,1.3687446117401123,1340,0.2,2286.517307281494,0.286328125,0.000757753849029541,1552.89599609375,-0.018426948771229947
278528,136,240,1159,-8.053351,0.00025,0.03461095,-65.81130275726318,1.372948408126831,1350,0.2,1949.8144508361815,0.276416015625,0.018982648849487305,921.5784912109375,-0.026659680143347943
280576,137,240,1167,-20.78739,0.00025,0.03508777,-65.9069489479065,1.3751859664916992,1360,0.2,2047.84912109375,0.324462890625,0.006200194358825684,1138.448486328125,-0.020189872581977398
282624,138,240,1175,-3.1823194,0.00025,0.02345636,-65.99515995979309,1.380150556564331,1370,0.2,2372.246333312988,0.257470703125,0.009817838668823242,1149.92724609375,-0.022101299339556135
284672,139,240,1183,-1.8543752,0.00025,0.0310065,-66.10253252983094,1.3826348781585693,1380,0.2,1864.1782470703124,0.301806640625,-0.027129530906677246,636.5449829101562,-0.02178331874019932
286720,140,240,1191,-3.8270767,0.00025,0.029475303,-66.16776967048645,1.3852262496948242,1390,0.2,1632.4854278564453,0.283740234375,-0.006467580795288086,906.0444946289062,-0.019196052025654352
288768,141,240,1199,-12.309246,0.00025,0.042242948,-66.2779435634613,1.3905251026153564,1400,0.2,1398.81051902771,0.336279296875,-0.001355886459350586,726.4287719726562,-0.012432543639442883
290816,142,240,1208,-5.927937,0.00025,0.024933763,-66.36599650382996,1.3925193548202515,1410,0.2,1439.3432441711425,0.27802734375,0.0007284283638000488,684.1377563476562,-0.02818183976924047
292864,143,240,1216,3.4722698,0.00025,0.026109718,-66.40186405181885,1.3928462266921997,1420,0.2,1696.5339321136476,0.259130859375,0.0044716596603393555,565.1159057617188,-0.024452171607117636
294912,144,240,1224,-5.027184,0.00025,0.0377035,-66.45514707565307,1.3957834243774414,1430,0.2,1082.318168258667,0.320703125,-0.015073657035827637,584.8865966796875,-0.023915496192057618
296960,145,240,1232,18.742111,0.00025,0.022768203,-66.51648163795471,1.3976078033447266,1440,0.2,2327.4135925292967,0.227880859375,-0.003377199172973633,1151.916259765625,-0.024320635132608005
299008,146,240,1240,-13.398672,0.00025,0.03241927,-66.57393674850464,1.400086522102356,1450,0.2,2075.8438079833986,0.297509765625,-0.003142833709716797,1013.7338256835938,-0.01526240885577863
301056,147,241,1248,-5.6413364,0.00025,0.037605897,-66.65168852806092,1.403887391090393,1460,0.2,1804.3914539337159,0.320361328125,-0.0041702985763549805,956.3719482421875,-0.01645418732368853
303104,148,241,1256,3.3261867,0.00025,0.03881191,-66.75127453804016,1.4073469638824463,1470,0.2,2349.407137298584,0.335546875,-0.005174398422241211,864.3010864257812,-0.02227367643790785
305152,149,240,1266,2.291036,0.00025,0.037557796,-66.81912574768066,1.4090702533721924,1480,0.2,3360.535311126709,0.237548828125,-0.002292633056640625,1977.379150390625,-0.01275123581290245
307200,150,241,1274,10.701668,0.00025,0.026102316,-66.89318952560424,1.4123536348342896,1490,0.2,2601.7944519042967,0.27333984375,-0.005789995193481445,1357.995361328125,-0.019523794579436073
309248,151,241,1282,8.875708,0.00025,0.040331185,-66.98061566352844,1.4161419868469238,1500,0.2,1853.9176292419434,0.34404296875,0.0034855008125305176,1104.269775390625,-0.014864537098037544
311296,152,241,1290,7.8780513,0.00025,0.022359729,-67.08048543930053,1.4193618297576904,1510,0.2,3838.0518432617187,0.216064453125,0.004326760768890381,2060.4755859375,-0.018709828014834784
313344,153,241,1298,-23.546303,0.00025,0.022234375,-67.18579354286194,1.4234750270843506,1520,0.2,2874.7149520874023,0.20380859375,-0.00042057037353515625,1126.366455078125,-0.024105494664399884
315392,154,241,1306,-2.4809864,0.00025,0.02325498,-67.29446949958802,1.4275622367858887,1530,0.2,2765.378784942627,0.2421875,0.029048681259155273,1630.2943115234375,-0.027589766567689366
317440,155,241,1314,-5.9977674,0.00025,0.015427198,-67.3628276348114,1.4284884929656982,1540,0.2,3243.792611694336,0.183056640625,0.03314328193664551,1035.732177734375,-0.02197983933147043
319488,156,241,1323,2.1612163,0.00025,0.033783033,-67.41996798515319,1.431889533996582,1550,0.2,3624.174965667725,0.30478515625,0.021219611167907715,2842.155517578125,-0.016742279916070402
321536,157,241,1332,-5.556538,0.00025,0.017269153,-67.47190980911255,1.4325186014175415,1560,0.2,3448.8713859558106,0.15927734375,0.05196797847747803,1784.373291015625,-0.021319265849888323
323584,158,241,1340,-2.780746,0.00025,0.038229503,-67.5412371635437,1.437270998954773,1570,0.2,4033.2488395690916,0.26171875,0.05702728033065796,1433.349365234375,-0.02177083191490965
325632,159,241,1348,13.507069,0.00025,0.019577239,-67.64937348365784,1.4403979778289795,1580,0.2,3439.750524139404,0.2166015625,0.0005595684051513672,1538.597412109375,-0.028085492789978163
327680,160,241,1356,-3.7088954,0.00025,0.029627616,-67.71979393959046,1.442948579788208,1590,0.2,3925.4908203125,0.268408203125,0.01639193296432495,1893.8145751953125,-0.014922868629946606
329728,161,241,1364,3.9556913,0.00025,0.03141637,-67.77756290435791,1.4440921545028687,1600,0.2,4285.4130187988285,0.32080078125,0.036842405796051025,2109.37158203125,-0.02016115536680445
331776,162,241,1372,3.6871839,0.00025,0.039318483,-67.79832291603088,1.4441407918930054,1610,0.2,3465.237715148926,0.256201171875,-0.008615255355834961,1553.0611572265625,-0.018413708853768185
333824,163,241,1380,5.9779387,0.00025,0.02362107,-67.88285460472108,1.4504817724227905,1620,0.2,3426.4571640014647,0.2455078125,-0.0067291259765625,2540.44921875,-0.031651319202501325
335872,164,241,1389,-1.2252568,0.00025,0.03351852,-68.03126349449158,1.4550687074661255,1630,0.2,2778.753397369385,0.284228515625,-0.006777524948120117,1686.7469482421875,-0.02223933858331293
337920,165,241,1397,12.352745,0.00025,0.039669074,-68.1209192276001,1.4585374593734741,1640,0.2,2018.4730388641358,0.315966796875,0.0018398761749267578,889.550537109375,-0.0140495491825277
339968,166,241,1405,-17.99028,0.00025,0.034289323,-68.23592596054077,1.4632548093795776,1650,0.2,3295.1534774780275,0.3015625,-0.004124641418457031,1526.468505859375,-0.011122635749052279
342016,167,241,1413,-1.2259651,0.00025,0.03145398,-68.38387761116027,1.469292402267456,1660,0.2,3130.4343574523928,0.313623046875,-0.004164457321166992,1288.290771484375,-0.018818283776636236
344064,168,241,1421,-7.832815,0.00025,0.055569224,-68.47703814506531,1.471861481666565,1670,0.2,3358.632807922363,0.3666015625,0.004779398441314697,1282.9874267578125,-0.014477469216217287
346112,169,242,1429,5.2513533,0.00025,0.03842951,-68.57413039207458,1.475703239440918,1680,0.2,3398.2515449523926,0.321240234375,-0.0034617185592651367,1860.3323974609375,-0.014206770100281573
348160,170,242,1438,21.96533,0.00025,0.042292833,-68.63857326507568,1.477447748184204,1690,0.2,3319.6549949645996,0.269775390625,-0.007014274597167969,1811.8975830078125,-0.01440740007092245
350208,171,241,1447,-10.367532,0.00025,0.03238335,-68.72159881591797,1.4819039106369019,1700,0.2,3063.1547134399416,0.267138671875,0.017316579818725586,1814.196533203125,-0.024743551411665975
352256,172,242,1455,8.859017,0.00025,0.04780719,-68.78000407218933,1.482619047164917,1710,0.2,2819.020487976074,0.323095703125,-0.0071370601654052734,890.9873046875,-0.021109058093861675
354304,173,242,1463,-6.8024044,0.00025,0.040766057,-68.82422070503235,1.4859135150909424,1720,0.2,2093.586540222168,0.35927734375,0.02604728937149048,1101.95654296875,-0.019374906126176938
356352,174,242,1471,-0.94968253,0.00025,0.046745054,-68.89126129150391,1.4878710508346558,1730,0.2,2673.0860679626467,0.341845703125,-0.006144046783447266,1159.2110595703125,-0.012810871939291247
358400,175,242,1479,3.450977,0.00025,0.02213818,-68.96285266876221,1.491027593612671,1740,0.2,1938.4001014709472,0.269970703125,0.002077758312225342,685.4887084960938,-0.02028522115724627
360448,176,242,1487,-2.4584124,0.00025,0.022937916,-69.03679757118225,1.4946876764297485,1750,0.2,2876.5654907226562,0.2470703125,0.006739377975463867,1710.9952392578125,-0.023323117397376338
362496,177,242,1495,27.934227,0.00025,0.027409125,-69.09961981773377,1.4957042932510376,1760,0.2,2648.417240905762,0.223583984375,-0.011739134788513184,1417.1038818359375,-0.02653508196817711
364544,178,242,1505,5.387788,0.00025,0.037069,-69.16974334716797,1.4999910593032837,1770,0.2,2872.884097290039,0.320751953125,-0.007126569747924805,1478.656005859375,-0.019464841422450262
366592,179,242,1513,3.762643,0.00025,0.03132767,-69.25085272789002,1.5025758743286133,1780,0.2,2716.566645050049,0.2162109375,-0.0015566349029541016,1238.3162841796875,-0.018102473657927477
368640,180,242,1521,8.684316,0.00025,0.040080704,-69.30731353759765,1.5043305158615112,1790,0.2,3503.221653747559,0.283349609375,0.006207168102264404,2100.424560546875,-0.020072964648716152
370688,181,242,1529,39.552628,0.00025,0.033574004,-69.36762371063233,1.5073909759521484,1800,0.2,3238.8836929321287,0.32568359375,0.03650355339050293,1676.8245849609375,-0.02307471113599604
372736,182,242,1537,-3.1622074,0.00025,0.039259832,-69.42742710113525,1.5102179050445557,1810,0.2,3719.5033576965334,0.36240234375,0.020823359489440918,2338.68505859375,-0.010209000812028534
374784,183,242,1545,-14.40503,0.00025,0.030297572,-69.53093008995056,1.5145431756973267,1820,0.2,3193.4987854003907,0.23564453125,0.02043330669403076,1757.0074462890625,-0.017960370205400977
376832,184,242,1553,-11.390429,0.00025,0.047032643,-69.65028944015503,1.5201433897018433,1830,0.2,2001.6224006652833,0.38125,0.10188543796539307,1409.404052734375,-0.016381198045564815
378880,185,242,1562,-12.705089,0.00025,0.04485544,-69.74374022483826,1.5222617387771606,1840,0.2,3053.226619720459,0.355126953125,0.054039716720581055,1500.3470458984375,-0.009129859519453021
380928,186,242,1571,-8.153701,0.00025,0.030149575,-69.76259860992431,1.5215137004852295,1850,0.2,3377.706314086914,0.264306640625,0.026005864143371582,1671.416015625,-0.01648993804701604
382976,187,242,1579,-0.23383474,0.00025,0.071001545,-69.78538427352905,1.5240492820739746,1860,0.2,3252.8664260864257,0.3806640625,0.032952964305877686,1521.390869140625,-0.004641177849407541
385024,188,242,1587,33.569042,0.00025,0.017253432,-69.86042575836181,1.5276070833206177,1870,0.2,3741.984457397461,0.182763671875,0.01799607276916504,1363.5263671875,-0.025840731750940905
387072,189,242,1595,15.596397,0.00025,0.023592968,-69.96771502494812,1.5321269035339355,1880,0.2,4291.422708129883,0.200439453125,0.032617926597595215,2013.54150390625,-0.026168265342130327
389120,190,242,1603,-2.6057832,0.00025,0.015802825,-70.02984790802002,1.5323618650436401,1890,0.2,3944.65594329834,0.172265625,-0.00010097026824951172,2233.0439453125,-0.026563198417716195
391168,191,242,1611,-7.7205033,0.00025,0.029866282,-70.07040815353393,1.5362786054611206,1900,0.2,4856.2738784790035,0.24951171875,0.025998294353485107,2626.548095703125,-0.020162227706168778
393216,192,242,1619,0.06344734,0.00025,0.029671181,-70.16464414596558,1.540047287940979,1910,0.2,3163.1707153320312,0.25087890625,-0.03927469253540039,1869.5682373046875,-0.014507223869441078
395264,193,242,1628,1.8227476,0.00025,0.028973777,-70.28400368690491,1.5449360609054565,1920,0.2,2741.810697174072,0.27978515625,0.021682262420654297,1117.040283203125,-0.016485162716708145
397312,194,242,1636,6.486326,0.00025,0.026677882,-70.38352417945862,1.5493013858795166,1930,0.2,3914.099541473389,0.291455078125,0.002049565315246582,2071.798583984375,-0.01881807642930653
399360,195,242,1645,5.556707,0.00025,0.035868585,-70.47747321128845,1.5522266626358032,1940,0.2,3275.5427391052244,0.314599609375,0.023773014545440674,1924.77001953125,-0.014879344985820353
401408,196,242,1654,0.72484654,0.00025,0.043056354,-70.62370638847351,1.5603317022323608,1950,0.2,3655.029204559326,0.369873046875,0.019596457481384277,1161.4306640625,-0.014274429534270893
403456,197,242,1662,-4.9213386,0.00025,0.03539615,-70.76676821708679,1.56478750705719,1960,0.2,4630.179360961914,0.286962890625,0.003739297389984131,2604.455322265625,-0.018176957103423774
405504,198,242,1670,-103.84008,0.00025,0.049201425,-70.87804436683655,1.5696214437484741,1970,0.2,5345.50288696289,0.3798828125,0.019495010375976562,2876.323486328125,-0.009499525697901846
407552,199,242,1680,15.611906,0.00025,0.034181785,-70.97385787963867,1.5734682083129883,1980,0.2,5350.0782119750975,0.27197265625,0.03138697147369385,2159.911376953125,-0.010461294677224942
409600,200,242,1690,-4.422111,0.00025,0.053306174,-71.07058663368225,1.5771582126617432,1990,0.2,2478.025702667236,0.395947265625,0.026499032974243164,1083.4920654296875,-0.010062553848547396
411648,201,242,1699,-0.4797644,0.00025,0.021564968,-71.14066834449768,1.5787041187286377,2000,0.2,5186.453070068359,0.215283203125,0.031271159648895264,2499.3330078125,-0.022789806098444387
413696,202,242,1708,2.5414495,0.00025,0.024817253,-71.2326096534729,1.5852584838867188,2010,0.2,4202.553071594239,0.228466796875,0.013557732105255127,1570.36083984375,-0.018485524065908976
415744,203,242,1717,-6.739492,0.00025,0.024029171,-71.34203219413757,1.5881801843643188,2020,0.2,5045.83943939209,0.2603515625,0.00604248046875,2712.1162109375,-0.02054000706411898
417792,204,241,1726,6.7986307,0.00025,0.021365732,-71.40026297569275,1.5908581018447876,2030,0.2,5318.608436584473,0.218505859375,0.01948380470275879,3436.783447265625,-0.02232872474269243
419840,205,241,1735,3.763989,0.00025,0.050531812,-71.48525128364562,1.5948882102966309,2040,0.2,4279.525885009765,0.369091796875,0.0032843351364135742,1941.048095703125,-0.007951679588586558
421888,206,241,1745,-4.5414567,0.00025,0.030833786,-71.56464338302612,1.597943663597107,2050,0.2,4001.026865386963,0.250732421875,0.03635770082473755,2295.75732421875,-0.007228656549705193
423936,207,241,1754,7.841256,0.00025,0.057257283,-71.65597686767578,1.602602481842041,2060,0.2,4715.384492492676,0.355810546875,0.03512978553771973,1970.77880859375,-0.002144806428987067
425984,208,241,1763,46.95352,0.00025,0.051280707,-71.74816117286682,1.6048837900161743,2070,0.2,4251.9728157043455,0.2966796875,0.12807077169418335,2999.92626953125,-0.0075926549747237
428032,209,241,1773,3.7278159,0.00025,0.02984067,-71.82309966087341,1.6096044778823853,2080,0.2,5169.992398071289,0.267138671875,-0.0031737089157104492,3260.76904296875,-0.019461329340992962
430080,210,241,1782,-2.6025527,0.00025,0.0509585,-71.89838562011718,1.610711693763733,2090,0.2,3913.1516761779785,0.368359375,-0.015025734901428223,3103.13134765625,-0.007839678513118998
432128,211,241,1791,-2.0461044,0.00025,0.021837614,-71.98972983360291,1.6173906326293945,2100,0.2,3146.4318809509277,0.266357421875,0.018829166889190674,1362.00732421875,-0.025952816579956562
434176,212,241,1800,-0.98487234,0.00025,0.030492097,-72.08793034553528,1.6193442344665527,2110,0.2,5173.217658996582,0.22509765625,0.029372572898864746,2519.724609375,-0.014073181783896872
436224,213,241,1809,-13.64954,0.00025,0.030960929,-72.16137590408326,1.6238785982131958,2120,0.2,5186.129042053222,0.270751953125,0.02316683530807495,2443.23046875,-0.018819333409192042
438272,214,241,1818,-13.470875,0.00025,0.03830052,-72.25557413101197,1.6267263889312744,2130,0.2,3123.110523223877,0.3162109375,0.061548054218292236,1963.7425537109375,-0.008409867163572926
440320,215,240,1827,4.6342072,0.00025,0.03865353,-72.33797726631164,1.6314834356307983,2140,0.2,4035.475939178467,0.316796875,0.06461811065673828,1835.1614990234375,-0.014220595578080975
442368,216,240,1836,-13.961625,0.00025,0.026985295,-72.42401905059815,1.6342458724975586,2150,0.2,5084.0378143310545,0.245166015625,0.09354907274246216,1637.975341796875,-0.01768778417244903
444416,217,240,1845,15.221364,0.00025,0.03638527,-72.47744851112365,1.6361624002456665,2160,0.2,7128.940580749511,0.310107421875,0.023783206939697266,4284.29931640625,-0.014719124887778889
446464,218,240,1854,4.9487476,0.00025,0.042830423,-72.54923348426819,1.640571117401123,2170,0.2,4965.621362304688,0.2873046875,0.031049370765686035,2703.527587890625,-0.004937026556581259
448512,219,240,1863,18.48064,0.00025,0.027986588,-72.65323824882508,1.64436674118042,2180,0.2,3984.3134475708007,0.276416015625,0.07182568311691284,1911.4906005859375,-0.015377246169373393
450560,220,240,1872,-5.1850033,0.00025,0.020428177,-72.72292976379394,1.6476130485534668,2190,0.2,5564.69178314209,0.192724609375,0.09266006946563721,3381.275146484375,-0.01700386261509266
452608,221,240,1880,-8.413346,0.00025,0.02702837,-72.7836895942688,1.6492030620574951,2200,0.2,5698.917723083496,0.239306640625,0.013968229293823242,2660.76171875,-0.013496242412657011
454656,222,240,1889,-11.578082,0.00025,0.01997086,-72.82748727798462,1.6514248847961426,2210,0.2,3970.7519195556642,0.190087890625,0.051368653774261475,1209.617431640625,-0.020106183062307537
456704,223,240,1898,-4.480404,0.00025,0.015461939,-72.90708546638488,1.6563634872436523,2220,0.2,5943.623750305176,0.15703125,0.03570115566253662,2855.1171875,-0.02501379523018841
458752,224,240,1907,13.721171,0.00025,0.037194043,-73.02023644447327,1.6605857610702515,2230,0.2,4306.2985214233395,0.25654296875,0.10789728164672852,2507.0068359375,-0.01864857494365424
460800,225,240,1916,15.029034,0.00025,0.027557105,-73.1011607170105,1.663957953453064,2240,0.2,5836.681776428222,0.233251953125,0.0871008038520813,2177.990234375,-0.011753046105150133
462848,226,240,1925,-21.38427,0.00025,0.0322998,-73.17803087234498,1.6665397882461548,2250,0.2,6057.241334533692,0.24443359375,0.07556480169296265,2737.18310546875,-0.010854147840291262
464896,227,240,1935,-12.2492285,0.00025,0.026561216,-73.23149814605713,1.6685901880264282,2260,0.2,4999.333953857422,0.25908203125,-0.040787696838378906,2421.4013671875,-0.016552419487561566
466944,228,240,1944,-6.0478263,0.00025,0.059224468,-73.33334083557129,1.6754525899887085,2270,0.2,4067.734987640381,0.394873046875,0.03816407918930054,2560.978515625,-0.0043990884209051725
468992,229,240,1954,2.54496,0.00025,0.047714274,-73.46616525650025,1.6807613372802734,2280,0.2,3313.5150497436525,0.343896484375,0.05109107494354248,1825.3587646484375,-0.0060338780545862395
471040,230,239,1963,1.4124376,0.00025,0.01723647,-73.56333336830139,1.683165192604065,2290,0.2,2734.494452667236,0.2169921875,0.049153923988342285,1654.8751220703125,-0.02469287448038813
473088,231,239,1972,-9.453467,0.00025,0.037611436,-73.6158004283905,1.6855942010879517,2300,0.2,2882.7747589111327,0.2671875,0.003570079803466797,2307.436279296875,-0.014170369066414423
475136,232,239,1981,7.3507366,0.00025,0.06590558,-73.713138961792,1.6915215253829956,2310,0.2,5272.855339050293,0.36240234375,0.025625646114349365,3303.6083984375,0.003035209042718634
477184,233,239,1990,-16.589024,0.00025,0.06098254,-73.8233543395996,1.6961966753005981,2320,0.2,4788.177925109863,0.32578125,0.021009743213653564,2381.265625,-0.00507975815271493
479232,234,239,1999,1.3166275,0.00025,0.03880787,-73.89921250343323,1.6989719867706299,2330,0.2,5062.721640014648,0.298486328125,0.08474457263946533,2056.7744140625,-0.002084677624225151
481280,235,239,2008,8.203006,0.00025,0.023749921,-73.98626708984375,1.7043288946151733,2340,0.2,5037.9294158935545,0.21416015625,0.04516923427581787,2840.28515625,-0.018105025717522948
483328,236,239,2017,0.2088949,0.00025,0.052791025,-74.07955136299134,1.7071201801300049,2350,0.2,4539.598651123047,0.319140625,0.0544092059135437,2508.54931640625,-0.003943341813283041
485376,237,239,2026,8.710621,0.00025,0.029627979,-74.15305047035217,1.7110859155654907,2360,0.2,5379.935998535157,0.277197265625,0.025959253311157227,2338.98681640625,-0.008151771515258588
487424,238,239,2035,14.655963,0.00025,0.027161505,-74.20064005851745,1.7125316858291626,2370,0.2,3357.0034606933596,0.280615234375,0.011570930480957031,1328.8924560546875,-0.013473714992869645
489472,239,239,2044,-20.03026,0.00025,0.028297197,-74.28364334106445,1.718580722808838,2380,0.2,4229.396471405029,0.25859375,0.031339168548583984,2162.8935546875,-0.019113263714825735
491520,240,239,2052,2.9710214,0.00025,0.047133792,-74.38400540351867,1.721954584121704,2390,0.2,4656.833236694336,0.328076171875,0.07228267192840576,1886.4776611328125,-0.013353126982110552
493568,241,239,2061,5.0744653,0.00025,0.031151757,-74.4807713985443,1.7270182371139526,2400,0.2,4753.380053710937,0.259033203125,0.0881991982460022,2343.541015625,-0.015578530382481404
495616,242,239,2070,14.377018,0.00025,0.04564213,-74.59189686775207,1.7319790124893188,2410,0.2,4993.335217285156,0.311279296875,0.05802351236343384,2639.0751953125,-0.015142898514750414
497664,243,239,2079,0.025646228,0.00025,0.020434307,-74.69652428627015,1.7367969751358032,2420,0.2,4843.859254455567,0.195263671875,0.04134345054626465,3014.746826171875,-0.025516718739527277
499712,244,239,2088,-73.90452,0.00025,0.032198478,-74.77966718673706,1.7398277521133423,2430,0.2,4507.882835388184,0.256640625,0.03820246458053589,1977.5709228515625,-0.006228340086818207
501760,245,239,2098,-74.84562,0.00025,0.021364583,-74.85952920913697,1.7438896894454956,2440,0.2,5905.457174682617,0.222119140625,0.0230482816696167,2861.4501953125,-0.02702473939571064
503808,246,239,2107,6.835765,0.00025,0.04210687,-74.94745903015136,1.747788667678833,2450,0.2,6330.9826934814455,0.270068359375,0.04096180200576782,2500.845947265625,-0.010965056045097298
505856,247,238,2116,-0.4344324,0.00025,0.024028009,-75.00689010620117,1.7500901222229004,2460,0.2,5828.654968261719,0.2447265625,0.05488938093185425,2558.22607421875,-0.020566978640272283
507904,248,238,2125,-2.302672,0.00025,0.04073961,-75.09566307067871,1.7561546564102173,2470,0.2,4811.480308532715,0.287353515625,0.010847866535186768,3008.37451171875,-0.010690638581581879
509952,249,238,2134,3.2313557,0.00025,0.017399814,-75.21758623123169,1.760149359703064,2480,0.2,4759.088508605957,0.206640625,0.019207298755645752,2265.17724609375,-0.03134566522057867
512000,250,238,2143,-1.484959,0.00025,0.040454812,-75.30547728538514,1.7648872137069702,2490,0.2,4947.683369445801,0.28623046875,0.008556544780731201,1784.8099365234375,-0.01880191893869778
514048,251,238,2152,4.8607454,0.00025,0.041357897,-75.42718110084533,1.7715867757797241,2500,0.2,4245.405218505859,0.325732421875,-0.0025091171264648438,2612.26416015625,-0.01228144347842317
516096,252,238,2161,-1.1004668,0.00025,0.020811286,-75.55635638237,1.7769684791564941,2510,0.2,4202.2223648071285,0.224658203125,0.01218724250793457,2153.538330078125,-0.027706998342182487
518144,253,238,2170,-8.392966,0.00025,0.021202568,-75.67546138763427,1.7833290100097656,2520,0.2,4112.758249664306,0.2310546875,-0.012125611305236816,2574.564453125,-0.020336260600015522
520192,254,238,2179,-2.3587172,0.00025,0.040566288,-75.77992901802062,1.7858115434646606,2530,0.2,4800.26284942627,0.218408203125,0.0024673938751220703,1647.7972412109375,-0.021908083792368416
522240,255,238,2188,3.5542839,0.00025,0.031263866,-75.88120183944702,1.7934693098068237,2540,0.2,4043.451438140869,0.270458984375,0.0003046989440917969,2699.869384765625,-0.017053036554716527
524288,256,238,2196,-10.327114,0.00025,0.027685754,-76.0510977268219,1.8020116090774536,2550,0.2,3869.454069519043,0.25595703125,0.008184254169464111,1666.6939697265625,-0.02185127143166028
526336,257,238,2206,9.419792,0.00025,0.04743278,-76.17377843856812,1.805088996887207,2560,0.2,4500.653482055664,0.3890625,0.016955912113189697,1655.408203125,-0.0015091367909917607
528384,258,238,2216,9.520732,0.00025,0.024871826,-76.2294017314911,1.8073859214782715,2570,0.2,4618.458340454102,0.219677734375,0.011561214923858643,2617.735107421875,-0.017506228914135134
530432,259,238,2225,26.482437,0.00025,0.040901855,-76.30143866539001,1.812788724899292,2580,0.2,5070.114202880859,0.254296875,-0.0031936168670654297,3396.5830078125,-0.013915033216471783
532480,260,238,2234,-4.964664,0.00025,0.04394916,-76.43730554580688,1.8194875717163086,2590,0.2,3955.6976211547853,0.289990234375,0.003977835178375244,1931.3096923828125,-0.011444543029938359
534528,261,238,2243,-4.6113615,0.00025,0.05270025,-76.5349112033844,1.8227897882461548,2600,0.2,5173.313568115234,0.33046875,-0.01333606243133545,1465.751220703125,-0.009628559206612408
536576,262,238,2253,-45.48892,0.00025,0.024746025,-76.60660562515258,1.825860857963562,2610,0.2,3595.0347785949707,0.2470703125,0.011408388614654541,2507.88720703125,-0.021185668278485538
538624,263,238,2262,-5.880653,0.00025,0.03284634,-76.64655628204346,1.8269001245498657,2620,0.2,3306.2338996887206,0.2291015625,-0.00935351848602295,1570.860595703125,-0.021315311767102683
540672,264,237,2272,9.214878,0.00025,0.038820025,-76.7106671333313,1.8322069644927979,2630,0.2,3619.521984100342,0.330810546875,0.015597879886627197,1753.492431640625,-0.014364240191935097
542720,265,237,2281,4.2659607,0.00025,0.04707316,-76.79183993339538,1.8354500532150269,2640,0.2,4623.451419067383,0.3330078125,0.004207968711853027,3039.5107421875,-0.015914736551349052
544768,266,237,2290,-0.9581441,0.00025,0.025530223,-76.89458417892456,1.8409899473190308,2650,0.2,3051.2009941101073,0.272119140625,-0.011577963829040527,1312.661376953125,-0.021761559434526134
546816,267,237,2299,-0.97829646,0.00025,0.02469724,-77.02046327590942,1.8473155498504639,2660,0.2,2547.6381088256835,0.2853515625,0.009453833103179932,998.7473754882812,-0.027657270338386296
548864,268,237,2308,-1.9240847,0.00025,0.03389377,-77.12450652122497,1.8520015478134155,2670,0.2,2047.133016204834,0.317919921875,-0.006478309631347656,603.3770751953125,-0.02111225938424468
550912,269,237,2317,0.97764254,0.00025,0.04658892,-77.21508040428162,1.857543706893921,2680,0.2,2195.107601928711,0.314599609375,-0.01005411148071289,1357.67529296875,-0.011720275729021522
552960,270,237,2326,8.900426,0.00025,0.012832006,-77.33967227935791,1.862465262413025,2690,0.2,3048.741424560547,0.17578125,-0.0027303695678710938,1169.2999267578125,-0.023548471942194737
555008,271,237,2337,12.048145,0.00025,0.032066256,-77.41322240829467,1.8662655353546143,2700,0.2,4560.802746582031,0.278564453125,0.00448983907699585,2366.541015625,-0.01385668924485799
557056,272,237,2347,-0.24649495,0.00025,0.014607644,-77.5053475856781,1.8714526891708374,2710,0.2,5282.406335449219,0.17275390625,-0.010666847229003906,3130.26953125,-0.021278815728146584
559104,273,237,2357,-2.4180765,0.00025,0.02643019,-77.62183890342712,1.8773126602172852,2720,0.2,3776.54070892334,0.285205078125,-0.0037147998809814453,2173.71142578125,-0.01313473024929408
561152,274,237,2366,-8.931008,0.00025,0.038141057,-77.7237741470337,1.8818995952606201,2730,0.2,3243.3768562316895,0.325634765625,0.002767205238342285,1306.079345703125,-0.011901212364318781
563200,275,237,2375,15.650648,0.00025,0.020265514,-77.82525973320007,1.8874555826187134,2740,0.2,4389.514192962646,0.214794921875,-0.00585782527923584,1116.089599609375,-0.022522313092486
565248,276,237,2384,-0.87508065,0.00025,0.033911567,-77.9392701625824,1.8938894271850586,2750,0.2,3871.651922607422,0.30107421875,-0.01436161994934082,2399.01953125,-0.016506931569892913
567296,277,236,2393,8.589046,0.00025,0.036074,-78.05768809318542,1.8989757299423218,2760,0.2,2597.595227432251,0.29033203125,-0.009258866310119629,1044.0689697265625,-0.018053736319416203
569344,278,236,2403,0.44332495,0.00025,0.0259703,-78.18701982498169,1.9060639142990112,2770,0.2,1774.0439262390137,0.27607421875,0.0025142431259155273,719.2233276367188,-0.024195860451436603
571392,279,236,2412,-22.234308,0.00025,0.036593117,-78.32833061218261,1.9130178689956665,2780,0.2,3957.5280349731447,0.309326171875,0.002810359001159668,2674.90771484375,-0.0237660730141215
573440,280,236,2421,14.4115925,0.00025,0.03035839,-78.46332478523254,1.9195917844772339,2790,0.2,2458.4947525024413,0.23203125,0.003397643566131592,1116.0283203125,-0.02619568390073255
575488,281,236,2430,17.922773,0.00025,0.026498111,-78.53668084144593,1.920815110206604,2800,0.2,3626.0485397338866,0.1970703125,-0.028072714805603027,995.18505859375,-0.021533620861009694
577536,282,236,2439,0.046158202,0.00025,0.041312262,-78.58568224906921,1.9248266220092773,2810,0.2,3172.6127700805664,0.295361328125,-0.0010004043579101562,1464.1270751953125,-0.017097571687190793
579584,283,236,2448,2.9086275,0.00025,0.038298775,-78.67935261726379,1.930012583732605,2820,0.2,2353.798620605469,0.287939453125,-0.008002161979675293,1154.11181640625,-0.016794375017343554
581632,284,236,2458,4.477644,0.00025,0.05329577,-78.77602415084839,1.9357291460037231,2830,0.2,2430.3268199920653,0.32177734375,0.005942285060882568,1033.854248046875,-0.013329912591143512
583680,285,236,2467,22.197264,0.00025,0.04379109,-78.8725513458252,1.9391899108886719,2840,0.2,2563.7496131896974,0.319873046875,0.015503227710723877,1452.632568359375,-0.013301150692859665
585728,286,236,2477,3.9067008,0.00025,0.041422773,-78.97160573005677,1.945328950881958,2850,0.2,3050.761735534668,0.226611328125,-0.016608715057373047,1684.835205078125,-0.013641105714486911
587776,287,236,2486,-3.8519983,0.00025,0.017644424,-79.08097739219666,1.9507311582565308,2860,0.2,2871.129660797119,0.200146484375,-0.0024453401565551758,2310.468505859375,-0.021850317972712217
589824,288,236,2495,-0.22113319,0.00025,0.035947233,-79.20096764564514,1.9563301801681519,2870,0.2,2339.4271293640136,0.289111328125,-0.014237165451049805,1059.0028076171875,-0.013916525605600328
591872,289,236,2504,40.17213,0.00025,0.043580353,-79.29453754425049,1.9610505104064941,2880,0.2,3427.173319244385,0.33251953125,0.01427769660949707,1776.2008056640625,-0.006103273539338261
593920,290,236,2513,5.0554667,0.00025,0.043372326,-79.41150288581848,1.968316674232483,2890,0.2,3563.360492706299,0.27685546875,-0.01802825927734375,2077.10498046875,-0.007302511352463625
595968,291,236,2523,-6.80301,0.00025,0.0316353,-79.58053216934204,1.9768582582473755,2900,0.2,2969.9760818481445,0.277294921875,0.0009670257568359375,1469.3897705078125,-0.0183137062296737
598016,292,236,2533,2.30791,0.00025,0.04337232,-79.74111733436584,1.9853730201721191,2910,0.2,2610.2214218139648,0.34921875,0.007721364498138428,1319.9622802734375,-0.01905293973395601
600064,293,235,2544,-7.4763603,0.00025,0.029528968,-79.86534032821655,1.9923981428146362,2920,0.2,1501.9834560394288,0.278125,-0.01102447509765625,618.8364868164062,-0.018732614122563974
602112,294,235,2553,14.802544,0.00025,0.035956033,-79.98658294677735,1.9980064630508423,2930,0.2,3037.06138381958,0.28583984375,-8.296966552734375e-05,975.4065551757812,-0.011450743660680019
604160,295,235,2563,-14.781682,0.00025,0.029053107,-80.08957390785217,2.004624128341675,2940,0.2,2914.15878944397,0.23935546875,-0.006639957427978516,1244.1158447265625,-0.022646485175937415
606208,296,235,2572,-3.228969,0.00025,0.06486648,-80.18468489646912,2.0071535110473633,2950,0.2,1417.695760345459,0.391552734375,-0.004706978797912598,715.5980224609375,0.0016512490023160354
608256,297,235,2581,-13.114763,0.00025,0.032600246,-80.23525657653809,2.010998487472534,2960,0.2,1255.9641101837158,0.316650390625,-0.012519240379333496,476.4530334472656,-0.01647496139339637
610304,298,235,2589,-19.867634,0.00025,0.027481634,-80.3348629951477,2.0169806480407715,2970,0.2,1762.077434539795,0.234326171875,-0.005843520164489746,911.4739379882812,-0.022883712442126124
612352,299,235,2597,-6.6199894,0.00025,0.034440845,-80.40202989578248,2.0187289714813232,2980,0.2,1955.4682243347168,0.344921875,0.0033707618713378906,897.0521240234375,-0.009637785427912604
614400,300,235,2606,0.041896258,0.00025,0.027180754,-80.44547338485718,2.021679162979126,2990,0.2,1642.7452564239502,0.25859375,-0.00705265998840332,564.1224365234375,-0.019784835501923226
616448,301,235,2614,1.7668662,0.00025,0.03932365,-80.54219098091126,2.0287580490112305,3000,0.2,1865.8597332000732,0.309521484375,0.0011368393898010254,611.7052001953125,-0.010009185041417368
618496,302,235,2623,-4.067056,0.00025,0.022733549,-80.58511934280395,2.0266177654266357,3010,0.2,1933.3601852416991,0.2017578125,-0.005944013595581055,1126.3460693359375,-0.016966313969169276
620544,303,235,2632,3.4329648,0.00025,0.024422275,-80.59975442886352,2.030320167541504,3020,0.2,2029.1799118041993,0.2634765625,0.0013780593872070312,933.9306640625,-0.020421421574428677
622592,304,235,2643,5.590169,0.00025,0.024882447,-80.68079061508179,2.0345664024353027,3030,0.2,1603.200701522827,0.254931640625,0.012159943580627441,2621.6796875,-0.020967573385860305
624640,305,235,2653,5.2249303,0.00025,0.01959651,-80.75376963615417,2.03869891166687,3040,0.2,1645.5685531616211,0.204443359375,-0.0047789812088012695,776.1743774414062,-0.02083316688076593
626688,306,235,2662,-6.2952313,0.00025,0.03597109,-80.84654169082641,2.044644832611084,3050,0.2,1114.1707927703858,0.281201171875,0.005023777484893799,615.2501220703125,-0.017687731941987295
628736,307,235,2671,-0.77651846,0.00025,0.038018245,-80.95554761886596,2.0506784915924072,3060,0.2,766.06683177948,0.307958984375,0.024069666862487793,246.97958374023438,-0.006926711089909077
630784,308,235,2680,0.18827888,0.00025,0.03711497,-81.09189090728759,2.059680461883545,3070,0.2,1017.8782920837402,0.30185546875,0.030347466468811035,548.014404296875,-0.01404950741562061
632832,309,235,2689,-4.974222,0.00025,0.021692103,-81.20539360046386,2.061953067779541,3080,0.2,1085.9562831878661,0.230029296875,-0.011751651763916016,444.6532897949219,-0.021179892306099644
634880,310,235,2698,6.5469975,0.00025,0.029184442,-81.25136880874634,2.065793037414551,3090,0.2,1388.1814540863038,0.2712890625,0.02146124839782715,1341.5538330078125,-0.014571695752965751
636928,311,235,2708,-8.185457,0.00025,0.023365162,-81.32806477546691,2.069495439529419,3100,0.2,1133.9785263061524,0.228173828125,-0.002229452133178711,547.1924438476562,-0.013701476942515
638976,312,235,2717,10.741947,0.00025,0.025065862,-81.39104733467101,2.073169469833374,3110,0.2,1679.8704742431642,0.162060546875,0.013125121593475342,801.1148681640625,-0.0174014908116078
641024,313,235,2726,-21.748497,0.00025,0.016482025,-81.45077400207519,2.076138734817505,3120,0.2,2003.1335433959962,0.164306640625,0.02543175220489502,734.6179809570312,-0.015656983107328416
643072,314,235,2735,-1.5087525,0.00025,0.014303388,-81.55150899887084,2.0837738513946533,3130,0.2,1365.3137031555175,0.15234375,0.029541075229644775,823.5316772460938,-0.022827684378717093
645120,315,235,2744,-0.45328224,0.00025,0.030763408,-81.650635099411,2.087926149368286,3140,0.2,2568.6214088439942,0.2173828125,0.049251437187194824,940.5070190429688,-0.019398144076694733
647168,316,235,2753,25.946417,0.00025,0.016199049,-81.71527204513549,2.0907886028289795,3150,0.2,1551.407464981079,0.173876953125,0.07016593217849731,1014.114501953125,-0.020299291255651043
649216,317,234,2763,-15.052846,0.00025,0.03338051,-81.77994446754455,2.0949079990386963,3160,0.2,2284.6172897338865,0.256640625,0.08495104312896729,1645.779296875,-0.01075934367836453
651264,318,234,2772,-0.044062488,0.00025,0.0190876,-81.85512647628784,2.0986855030059814,3170,0.2,1885.3730182647705,0.20126953125,0.0857536792755127,759.128662109375,-0.022566497707157396
653312,319,234,2781,-7.6148314,0.00025,0.016148798,-81.9110225200653,2.101820707321167,3180,0.2,2326.0036560058593,0.16123046875,0.010524749755859375,1278.2867431640625,-0.023925884717027657
655360,320,234,2789,-9.570485,0.00025,0.024011329,-81.99526524543762,2.1079494953155518,3190,0.2,2263.7896865844727,0.19892578125,0.05977606773376465,882.8143920898438,-0.01762235737987794
657408,321,234,2798,8.338407,0.00025,0.029869497,-82.1164677619934,2.114786386489868,3200,0.2,1334.9004776000977,0.274365234375,0.00455784797668457,922.4012451171875,-0.019375434625544585
659456,322,234,2807,14.661103,0.00025,0.021395735,-82.22286019325256,2.1197617053985596,3210,0.2,1509.4928695678711,0.20185546875,0.0798943042755127,847.7557983398438,-0.015538873578771017
661504,323,234,2816,-22.671057,0.00025,0.027076347,-82.2843922138214,2.122775077819824,3220,0.2,1582.3213439941405,0.24970703125,0.0567317008972168,579.5714721679688,-0.017575105096329934
663552,324,234,2827,-18.93975,0.00025,0.02738687,-82.38505759239197,2.129786968231201,3230,0.2,1703.5095474243165,0.257763671875,0.05984973907470703,596.5322875976562,-0.015646879278938285
665600,325,234,2835,-18.282612,0.00025,0.032298606,-82.4388373851776,2.130934476852417,3240,0.2,1274.0303676605224,0.257666015625,0.03886491060256958,369.53851318359375,-0.014029370638309047
667648,326,234,2843,-14.902709,0.00025,0.018217715,-82.48023080825806,2.134187698364258,3250,0.2,1822.11630859375,0.1638671875,-0.022529125213623047,1032.869384765625,-0.022510401846375316
669696,327,234,2853,-3.928608,0.00025,0.022446487,-82.52668600082397,2.13529372215271,3260,0.2,1957.5966255187989,0.197607421875,-0.022316932678222656,1155.3861083984375,-0.016973438893910498
671744,328,234,2862,9.589835,0.00025,0.037008464,-82.57733807563781,2.1398513317108154,3270,0.2,2044.0613578796388,0.270068359375,0.012136340141296387,1106.7283935546875,-0.012395574882975779
673792,329,234,2871,-9.581085,0.00025,0.026720956,-82.64652271270752,2.1429715156555176,3280,0.2,1694.178133392334,0.248876953125,0.03927409648895264,762.199462890625,-0.016228605087962932
675840,330,234,2880,-17.730104,0.00025,0.024604063,-82.72334289550781,2.1484460830688477,3290,0.2,2236.577424621582,0.23515625,-0.0067255496978759766,970.5675659179688,-0.02189697289140895
677888,331,234,2889,-11.473698,0.00025,0.030251728,-82.76486597061157,2.1478939056396484,3300,0.2,1564.84672164917,0.278466796875,0.005706489086151123,738.592529296875,-0.013078037613013294
679936,332,234,2899,-7.1391716,0.00025,0.023593964,-82.81422395706177,2.153878927230835,3310,0.2,1666.7600009918212,0.27333984375,0.01609325408935547,693.7701416015625,-0.024456747152726166
681984,333,234,2908,8.203092,0.00025,0.020517632,-82.93918542861938,2.1613471508026123,3320,0.2,1170.1491706848144,0.214794921875,-0.016231179237365723,783.6399536132812,-0.025489127697073854
684032,334,234,2918,31.962032,0.00025,0.015228154,-83.05322289466858,2.1672661304473877,3330,0.2,1817.271881866455,0.152490234375,0.016696631908416748,1109.69775390625,-0.023266198619967326
686080,335,234,2928,22.219913,0.00025,0.02494869,-83.11023716926574,2.168687105178833,3340,0.2,2121.5251945495606,0.223828125,-0.011576294898986816,826.6148071289062,-0.017904500477015972
688128,336,234,2938,5.575392,0.00025,0.020700485,-83.16337180137634,2.172558069229126,3350,0.2,1878.2349517822265,0.221533203125,0.005284726619720459,1141.7835693359375,-0.03067074778373353
690176,337,234,2947,0.4358331,0.00025,0.015890386,-83.23817286491393,2.1768476963043213,3360,0.2,2229.6971794128417,0.18388671875,-0.013721585273742676,1167.3555908203125,-0.025743308107485062
692224,338,234,2957,0.57523614,0.00025,0.028054658,-83.32900290489196,2.1829323768615723,3370,0.2,2030.1119415283204,0.261865234375,0.0024584531784057617,781.143310546875,-0.021195530967088417
694272,339,233,2967,-3.6538944,0.00025,0.034823023,-83.42635216712952,2.187546968460083,3380,0.2,1566.8912925720215,0.355322265625,-0.0484541654586792,875.9746704101562,-0.0013234037440270185
696320,340,233,2976,-9.13344,0.00025,0.03675759,-83.50391368865967,2.1923673152923584,3390,0.2,2501.4420791625976,0.270947265625,-0.010471701622009277,1953.8917236328125,-0.016597159465163713
698368,341,233,2986,13.234076,0.00025,0.035666924,-83.61380000114441,2.2007861137390137,3400,0.2,2056.850997161865,0.253564453125,-0.0011550188064575195,783.3983764648438,-0.007120745439897292
700416,342,233,2995,25.4701,0.00025,0.03683818,-83.70827116966248,2.2039966583251953,3410,0.2,1831.3938934326172,0.32607421875,-0.023482441902160645,781.274169921875,-0.012296164967119693
702464,343,233,3005,-1.8824975,0.00025,0.022845067,-83.74960021972656,2.206533432006836,3420,0.2,2210.868797302246,0.19521484375,0.0035446882247924805,1113.2398681640625,-0.019620354892686008
704512,344,233,3014,-5.3683195,0.00025,0.03136418,-83.80054965019227,2.2101428508758545,3430,0.2,1485.975422668457,0.251611328125,-0.02945423126220703,612.0641479492188,-0.017757226835237817
706560,345,233,3024,-8.1401615,0.00025,0.044819564,-83.87901072502136,2.215094804763794,3440,0.2,1143.3592720031738,0.344873046875,0.013921856880187988,537.4998168945312,-0.0073425203649094325
708608,346,233,3033,-11.509201,0.00025,0.019432904,-83.95973129272461,2.2203545570373535,3450,0.2,1795.9744682312012,0.20693359375,-0.009868383407592773,728.5313720703125,-0.022497927010408602
710656,347,233,3042,-2.8382523,0.00025,0.027417263,-84.07445950508118,2.2280008792877197,3460,0.2,861.0033603668213,0.268896484375,-0.019001007080078125,423.6078186035156,-0.0172571366536431
712704,348,233,3052,-24.898863,0.00025,0.03758126,-84.18117594718933,2.234337568283081,3470,0.2,1579.6799530029298,0.270166015625,-0.010689616203308105,765.9019775390625,-0.017536709760315718
714752,349,233,3062,-0.9270363,0.00025,0.03139832,-84.26382484436036,2.2369296550750732,3480,0.2,1310.153356552124,0.272900390625,0.005849063396453857,588.1182250976562,-0.014870204811450094
716800,350,233,3072,0.25437126,0.00025,0.019703712,-84.30498466491699,2.239018678665161,3490,0.2,1190.7854572296142,0.248193359375,0.023630261421203613,584.234375,-0.017271986490231938
718848,351,233,3082,7.691732,0.00025,0.018265681,-84.34970183372498,2.2411420345306396,3500,0.2,1555.9732856750488,0.201416015625,-0.008400201797485352,569.1851806640625,-0.017452343707554975
720896,352,233,3092,29.077017,0.00025,0.024022548,-84.40723142623901,2.247401237487793,3510,0.2,933.7618774414062,0.21708984375,-0.0002611875534057617,423.3587341308594,-0.01541723929112777
722944,353,233,3102,6.1185365,0.00025,0.02536635,-84.49917821884155,2.2520503997802734,3520,0.2,1217.6890102386474,0.209912109375,0.0151938796043396,408.00262451171875,-0.01582647970644757
724992,354,232,3111,-34.61561,0.00025,0.020762026,-84.60640106201171,2.2602128982543945,3530,0.2,1517.2540691375732,0.21064453125,0.00649791955947876,879.880615234375,-0.016571511555230244
727040,355,232,3122,-10.257124,0.00025,0.027100507,-84.69726886749268,2.263535261154175,3540,0.2,1177.9159671783448,0.23505859375,0.0025862455368041992,630.2935180664062,-0.021417002682574092
729088,356,232,3131,-1.1629016,0.00025,0.028068457,-84.80509576797485,2.2728235721588135,3550,0.2,1122.0119201660157,0.29091796875,-0.0026891231536865234,655.6702880859375,-0.01328498749207938
731136,357,232,3141,-1.4844819,0.00025,0.04068947,-84.97145080566406,2.2828171253204346,3560,0.2,911.9813749313355,0.290625,0.0003566145896911621,280.8984069824219,-0.005318347600405104
733184,358,232,3151,-18.087646,0.00025,0.024286099,-85.09922189712525,2.2875635623931885,3570,0.2,852.9550876617432,0.239453125,-0.004100441932678223,351.8227844238281,-0.019653925352031365
735232,359,232,3160,10.388796,0.00025,0.03227882,-85.14431390762329,2.2895045280456543,3580,0.2,1008.4796150207519,0.28837890625,-0.014304280281066895,442.8597717285156,-0.01292236581502948
737280,360,232,3169,23.007448,0.00025,0.017267123,-85.20381689071655,2.295379638671875,3590,0.2,1538.120500946045,0.16064453125,-0.003957509994506836,570.1444702148438,-0.021972908859606833
739328,361,232,3178,10.402459,0.00025,0.022929356,-85.29656138420106,2.300269365310669,3600,0.2,1603.5340194702148,0.189697265625,0.00570911169052124,766.943115234375,-0.016146616183687002
741376,362,232,3187,-9.050901,0.00025,0.025422053,-85.3924020767212,2.307732343673706,3610,0.2,1348.7747318267823,0.235791015625,-0.010595321655273438,606.8263549804688,-0.018148324544017668
743424,363,232,3197,-0.7186075,0.00025,0.017280344,-85.49481296539307,2.312756299972534,3620,0.2,1739.757511138916,0.1638671875,0.005000591278076172,1153.0042724609375,-0.018446967599447816
745472,364,232,3206,-6.0727243,0.00025,0.01705432,-85.56570634841918,2.3159308433532715,3630,0.2,2191.070792388916,0.160595703125,-0.014204978942871094,1073.780029296875,-0.021474792357184923
747520,365,232,3216,3.7662106,0.00025,0.024617936,-85.63699464797973,2.3216183185577393,3640,0.2,1434.3451141357423,0.24658203125,-0.0035538673400878906,564.12890625,-0.01910122316039633
749568,366,231,3232,-4.2456427,0.00025,0.02516279,-85.71030678749085,2.3258252143859863,3650,0.2,1103.7640670776368,0.200830078125,0.0030044913291931152,518.2152709960938,-0.021354682062519715
751616,367,231,3248,-1.038753,0.00025,0.03208847,-85.765345287323,2.3271567821502686,3660,0.2,1163.5404407501221,0.306591796875,0.017122983932495117,405.3313903808594,-0.0069043414157931695
753664,368,230,3265,3.2088401,0.00025,0.037524737,-85.82407083511353,2.333179235458374,3670,0.2,1529.1347179412842,0.22431640625,0.0075920820236206055,478.1543884277344,-0.0045978664726135324
755712,369,230,3282,-8.763634,0.00025,0.026286002,-85.91214032173157,2.3375279903411865,3680,0.2,941.8087631225586,0.215478515625,-0.0184018611907959,646.9295043945312,-0.01266578369832132
757760,370,229,3297,2.1297865,0.00025,0.019923,-85.99860868453979,2.3440048694610596,3690,0.2,1613.190251159668,0.198583984375,0.006700754165649414,749.3257446289062,-0.01439500398846576
759808,371,229,3306,-30.657028,0.00025,0.02893262,-86.09890308380128,2.3495523929595947,3700,0.2,1260.902433013916,0.260107421875,0.02800452709197998,374.954833984375,-0.013464589545037597
761856,372,229,3315,-32.165783,0.00025,0.03157513,-86.20359048843383,2.3573813438415527,3710,0.2,1497.900149154663,0.263818359375,0.01525348424911499,610.3028564453125,-0.00897059760245611
763904,373,229,3324,3.4436595,0.00025,0.023124855,-86.31126117706299,2.364511489868164,3720,0.2,1359.3129295349122,0.225244140625,-0.013457655906677246,742.3277587890625,-0.025107938860310243
765952,374,229,3333,-11.155658,0.00025,0.03304268,-86.4175365447998,2.370102643966675,3730,0.2,1299.706746673584,0.264697265625,0.007320821285247803,514.9348754882812,-0.01910169103939552
768000,375,229,3342,-0.7872574,0.00025,0.029084146,-86.53455152511597,2.378291130065918,3740,0.2,811.3633140563965,0.2494140625,-0.028606295585632324,411.8899230957031,-0.024358297372236846
770048,376,229,3351,2.5553248,0.00025,0.022879142,-86.6082799911499,2.380577325820923,3750,0.2,962.8696422576904,0.241943359375,0.004862785339355469,485.7388000488281,-0.013013986384612508
772096,377,229,3360,-4.865224,0.00025,0.043276377,-86.68847212791442,2.387664556503296,3760,0.2,980.5238620758057,0.237548828125,-0.045346975326538086,525.3265380859375,-0.010022591825691051
774144,378,229,3369,4.5697074,0.00025,0.03055467,-86.79482111930847,2.392331123352051,3770,0.2,1047.91072807312,0.263671875,-0.009449362754821777,451.77117919921875,-0.010099433142750058
776192,379,229,3378,1.4685285,0.00025,0.018582202,-86.85996856689454,2.397827625274658,3780,0.2,702.188645362854,0.211962890625,-0.00016701221466064453,242.6120147705078,-0.01992409621598199
778240,380,229,3388,-28.279305,0.00025,0.04223285,-86.96879529953003,2.405414342880249,3790,0.2,1080.3150554656982,0.2697265625,-0.04562497138977051,611.0003662109375,-0.0028172197999083437
780288,381,229,3396,7.392579,0.00025,0.016900064,-87.07771015167236,2.4111549854278564,3800,0.2,957.9986248016357,0.22421875,0.006015181541442871,342.1061706542969,-0.020513841361389496
782336,382,229,3405,6.06714,0.00025,0.016009834,-87.156569814682,2.41556453704834,3810,0.2,742.5649007797241,0.186572265625,0.006389319896697998,231.15687561035156,-0.02275378968042787
784384,383,229,3414,15.574537,0.00025,0.01788755,-87.23027415275574,2.421497344970703,3820,0.2,1300.7550868988037,0.167822265625,-0.030473947525024414,654.0930786132812,-0.025006830497295594
786432,384,229,3423,-4.3525014,0.00025,0.043131813,-87.32442054748535,2.4261128902435303,3830,0.2,1501.4031536102295,0.2955078125,0.008274495601654053,538.294921875,0.005013360065640881
788480,385,229,3432,-4.521186,0.00025,0.04577721,-87.40121331214905,2.431788682937622,3840,0.2,718.797958946228,0.233984375,-0.002895355224609375,292.0196533203125,-0.014997067931108176
790528,386,229,3441,15.027586,0.00025,0.02150122,-87.45900530815125,2.4339101314544678,3850,0.2,1429.2639144897462,0.205029296875,-0.005620598793029785,448.2862243652344,-0.02240236148063559
792576,387,229,3449,0.47147387,0.00025,0.018833026,-87.51824693679809,2.4391732215881348,3860,0.2,1017.0265506744385,0.194140625,-0.024975180625915527,331.0020751953125,-0.016924792222562247
794624,388,229,3459,17.875051,0.00025,0.031436536,-87.58874316215515,2.443830728530884,3870,0.2,875.5071298599244,0.245947265625,0.008887648582458496,381.1570739746094,-0.015549223221023567
796672,389,229,3467,-16.500374,0.00025,0.026906494,-87.64650273323059,2.4463388919830322,3880,0.2,1152.8605434417725,0.233203125,-0.019295573234558105,613.0287475585938,-0.006373343446466606
798720,390,229,3476,-41.945644,0.00025,0.023401234,-87.75250144004822,2.456437587738037,3890,0.2,962.3106651306152,0.246728515625,0.01766270399093628,297.92681884765625,-0.021833411452826114
800768,391,229,3486,5.4093637,0.00025,0.027118124,-87.85901336669922,2.461829662322998,3900,0.2,918.9412227630615,0.219091796875,-0.0059767961502075195,356.934326171875,-0.013280938271782361
802816,392,229,3494,10.829191,0.00025,0.01928187,-87.9185688495636,2.464524984359741,3910,0.2,941.2098274230957,0.18818359375,-0.004485368728637695,369.0676574707031,-0.020431829761946574
804864,393,229,3502,-5.5175676,0.00025,0.024888948,-88.00894947052002,2.473402500152588,3920,0.2,1086.945866394043,0.23837890625,-0.01717054843902588,659.1090698242188,-0.01611628825776279
806912,394,229,3510,-0.5150479,0.00025,0.017507907,-88.10809803009033,2.478105068206787,3930,0.2,1379.4580249786377,0.157958984375,-0.008520960807800293,627.80810546875,-0.01865840076643508
808960,395,229,3518,4.5136304,0.00025,0.022347638,-88.1932110786438,2.485234260559082,3940,0.2,1238.4107357025146,0.197705078125,-0.03654313087463379,681.8715209960938,-0.020185337158909532
811008,396,229,3527,-3.912189,0.00025,0.015094143,-88.29271988868713,2.48858904838562,3950,0.2,1368.1536411285401,0.16572265625,-0.0009897947311401367,855.610107421875,-0.0185513870412251
813056,397,229,3535,3.2346582,0.00025,0.034055233,-88.35654382705688,2.494433641433716,3960,0.2,1304.8782711029053,0.254052734375,0.006202757358551025,638.8818359375,-0.015605982454144397
815104,398,229,3546,-3.204911,0.00025,0.039604522,-88.4097605228424,2.4965245723724365,3970,0.2,940.5301280975342,0.248291015625,0.028964996337890625,1000.2120971679688,-0.01134427120559849
817152,399,229,3555,1.2432207,0.00025,0.020948883,-88.48074860572815,2.5029168128967285,3980,0.2,1734.957228088379,0.166162109375,0.01596134901046753,728.19970703125,-0.014423963715671562
819200,400,229,3563,-1.5912638,0.00025,0.026723929,-88.57924876213073,2.5091302394866943,3990,0.2,1486.8446311950684,0.206494140625,-0.012240409851074219,658.28271484375,-0.013010768237290905
821248,401,229,3572,4.289608,0.00025,0.02030843,-88.65610847473144,2.514370918273926,4000,0.2,969.7019468307495,0.20380859375,0.006253540515899658,420.1784973144531,-0.018951901484979317
823296,402,229,3580,-15.15266,0.00025,0.03231646,-88.72468342781067,2.5179615020751953,4010,0.2,1335.378890991211,0.28173828125,0.04045897722244263,772.8682250976562,-0.010375885404937436
825344,403,229,3588,0.035063423,0.00025,0.04034614,-88.80110683441163,2.525489091873169,4020,0.2,937.7129875183106,0.320361328125,0.0222170352935791,460.4013977050781,-0.009935053894878365
827392,404,230,3596,-10.343138,0.00025,0.024161702,-88.88502683639527,2.529879093170166,4030,0.2,2571.420426940918,0.21875,0.025707721710205078,1012.63427734375,-0.01692675711819902
829440,405,229,3606,-6.1792507,0.00025,0.02297391,-88.9430657863617,2.5341310501098633,4040,0.2,1348.470718383789,0.22080078125,-0.0030035972595214844,581.7106323242188,-0.020180082746082916
831488,406,230,3614,-6.806876,0.00025,0.03137087,-89.01327023506164,2.5395607948303223,4050,0.2,1002.9528633117676,0.25107421875,0.018809735774993896,499.7425537109375,-0.013235039540450088
833536,407,230,3622,43.039658,0.00025,0.029234277,-89.11032733917236,2.546842575073242,4060,0.2,1186.0947425842285,0.266943359375,-0.016469478607177734,544.6304321289062,-0.014217484406253788
835584,408,230,3630,1.256761,0.00025,0.02068649,-89.15993394851685,2.5469441413879395,4070,0.2,1347.6264183044434,0.18525390625,0.004596292972564697,616.6665649414062,-0.023058719848631882
837632,409,230,3638,-1.5572449,0.00025,0.015992135,-89.20325603485108,2.5533339977264404,4080,0.2,1136.9547191619872,0.1728515625,0.012356579303741455,687.1375732421875,-0.024810799024999143
839680,410,230,3646,3.9993486,0.00025,0.013361894,-89.35535225868225,2.5671257972717285,4090,0.2,1419.6505611419677,0.173779296875,0.0002021193504333496,976.0878295898438,-0.021141911754966713
841728,411,230,3655,1.6680481,0.00025,0.016558476,-89.4896185874939,2.5707812309265137,4100,0.2,1425.7946891784668,0.17294921875,-0.012342572212219238,743.9009399414062,-0.01396721480123233
843776,412,230,3664,-4.687768,0.00025,0.014124711,-89.56871995925903,2.5782129764556885,4110,0.2,1259.5501026153565,0.1669921875,0.008761107921600342,670.9979248046875,-0.02441988146165386
845824,413,230,3673,-24.614115,0.00025,0.02060756,-89.69476690292359,2.586751937866211,4120,0.2,1165.3431980133057,0.2103515625,0.01893383264541626,419.07135009765625,-0.01526813163945917
847872,414,230,3681,-9.309577,0.00025,0.013210248,-89.82040309906006,2.5952939987182617,4130,0.2,1784.7304843902589,0.151416015625,0.017993628978729248,1062.73681640625,-0.022262036104802974
849920,415,230,3689,-0.9394137,0.00025,0.057225265,-89.93341841697693,2.6035759449005127,4140,0.2,1368.0763221740722,0.3123046875,-0.027765870094299316,591.3040161132812,-0.005282618833007291
851968,416,230,3697,9.039637,0.00025,0.025634117,-90.02642350196838,2.609426736831665,4150,0.2,1819.9526733398438,0.229541015625,-0.0027347803115844727,551.9595947265625,-0.013750119548058137
854016,417,230,3705,-5.6451445,0.00025,0.02130866,-90.0707188129425,2.6100566387176514,4160,0.2,1380.5001594543457,0.22890625,-0.00614476203918457,602.1036376953125,-0.01420262207830092
856064,418,230,3713,-8.231484,0.00025,0.016586673,-90.12420525550843,2.6167240142822266,4170,0.2,2027.9010437011718,0.1615234375,0.0004017353057861328,1088.0186767578125,-0.017710225001792423
858112,419,230,3723,-0.18602675,0.00025,0.022942036,-90.18928542137147,2.619030714035034,4180,0.2,1349.8564277648925,0.175830078125,-0.027916908264160156,698.135498046875,-0.014340483766864054
860160,420,230,3731,-3.5544302,0.00025,0.03082407,-90.27337203025817,2.6271541118621826,4190,0.2,1847.39157371521,0.318310546875,0.002166748046875,708.0772094726562,-0.010283149919996504
862208,421,230,3739,-4.939828,0.00025,0.024629332,-90.42247157096863,2.6393086910247803,4200,0.2,1403.0875698089599,0.189892578125,-0.005693554878234863,501.5038757324219,-0.0150352966702485
864256,422,230,3747,-3.3872938,0.00025,0.016526403,-90.5747808456421,2.648908853530884,4210,0.2,1132.8195056915283,0.177685546875,-0.0012791156768798828,496.02020263671875,-0.01942358324304223
866304,423,230,3755,8.577759,0.00025,0.020987496,-90.680006980896,2.654860019683838,4220,0.2,2210.9266242980957,0.223828125,-0.006870388984680176,1174.839599609375,-0.016404864209471272
868352,424,230,3763,-17.678894,0.00025,0.015608494,-90.7311502456665,2.6565463542938232,4230,0.2,2652.4171630859373,0.145751953125,-0.010564684867858887,1010.4992065429688,-0.011067040910711512
870400,425,230,3771,16.90036,0.00025,0.027328555,-90.77172923088074,2.659825563430786,4240,0.2,1359.4305633544923,0.266845703125,-0.009256839752197266,897.267333984375,-0.008321218025230337
872448,426,230,3780,2.2100947,0.00025,0.01565381,-90.82646207809448,2.6639487743377686,4250,0.2,1768.9874179840087,0.157666015625,-0.01889336109161377,1072.87744140625,-0.011938174426904879
874496,427,230,3790,-6.05025,0.00025,0.013069081,-90.86830978393554,2.665248155593872,4260,0.2,2183.752883911133,0.14482421875,0.005091249942779541,941.5628051757812,-0.019385738269193098
876544,428,230,3799,-2.811279,0.00025,0.03157873,-90.96301956176758,2.675929307937622,4270,0.2,1303.5867042541504,0.29482421875,-0.016605377197265625,476.8953857421875,-0.0005475921352626756
878592,429,230,3808,14.341619,0.00025,0.030340562,-91.07390160560608,2.6808745861053467,4280,0.2,1754.66008644104,0.289111328125,-0.009094595909118652,442.65972900390625,-0.014508198160910979
880640,430,230,3817,-0.92371356,0.00025,0.028564112,-91.13330035209655,2.6849968433380127,4290,0.2,2906.2962661743163,0.2271484375,-0.0021352767944335938,1099.3865966796875,-0.007008518587099388
882688,431,230,3826,-4.3741508,0.00025,0.02330346,-91.19978861808777,2.690476179122925,4300,0.2,2456.1454078674315,0.215087890625,-0.010991334915161133,1441.12255859375,-0.014482919045258313
884736,432,230,3836,34.1632,0.00025,0.018194236,-91.27335963249206,2.6951942443847656,4310,0.2,2145.215721130371,0.190185546875,0.0002499222755432129,700.4788208007812,-0.017584792884008493
886784,433,230,3844,-17.58066,0.00025,0.01224931,-91.31813535690307,2.6970772743225098,4320,0.2,2193.6826202392576,0.135400390625,0.007811427116394043,653.9857788085938,-0.019996328363777138
888832,434,230,3852,-5.3774166,0.00025,0.020173203,-91.37808589935302,2.7041971683502197,4330,0.2,2925.0788436889648,0.17685546875,-0.028623223304748535,1815.051025390625,-0.014446783284074626
890880,435,230,3860,-0.6914269,0.00025,0.02206985,-91.46155681610108,2.7084403038024902,4340,0.2,2765.3917434692385,0.191455078125,-0.019553303718566895,1289.8956298828125,-0.022141984617337584
892928,436,230,3868,-0.46938992,0.00025,0.017397515,-91.52112708091735,2.713134527206421,4350,0.2,2767.7528091430663,0.1814453125,-0.003831624984741211,917.5173950195312,-0.01654914959217422
894976,437,230,3877,-4.509679,0.00025,0.028622687,-91.61813864707946,2.721923828125,4360,0.2,1533.2620761871337,0.291259765625,0.013551533222198486,1344.555419921875,-0.01892954764480237
897024,438,230,3884,-7.6797767,0.00025,0.033085767,-91.75388760566712,2.731581687927246,4370,0.2,1379.3595123291016,0.272412109375,0.00438004732131958,838.2454833984375,-0.009432771439605858
899072,439,230,3893,-8.988278,0.00025,0.028127026,-91.88873920440673,2.7411649227142334,4380,0.2,2517.927349090576,0.244921875,0.022564470767974854,996.8369140625,-0.00900534645334119
901120,440,230,3901,4.11565,0.00025,0.029468305,-91.99709529876709,2.7466464042663574,4390,0.2,1429.9354305267334,0.24345703125,-0.006907463073730469,633.242431640625,-0.010210361867211758
903168,441,230,3910,-10.518545,0.00025,0.038620505,-92.10009560585021,2.7559494972229004,4400,0.2,1989.4796646118164,0.29892578125,0.007235586643218994,1195.837646484375,-0.003827981541689951
905216,442,230,3918,-0.99159163,0.00025,0.027939478,-92.2030942440033,2.761442184448242,4410,0.2,1428.6574726104736,0.2421875,0.02863895893096924,682.8363647460938,-0.013616876298328862
907264,443,231,3926,-10.933424,0.00025,0.031973686,-92.26757130622863,2.765108108520508,4420,0.2,2052.300662231445,0.2630859375,-0.0055196285247802734,692.8850708007812,-0.012892798043321819
909312,444,231,3934,18.393097,0.00025,0.019903485,-92.32152185440063,2.7722949981689453,4430,0.2,1915.702296447754,0.210693359375,-0.0535353422164917,1156.82470703125,-0.01504642681684345
911360,445,231,3943,1.754639,0.00025,0.025456121,-92.41633639335632,2.77901291847229,4440,0.2,1338.3966369628906,0.2033203125,-0.00974130630493164,641.6528930664062,-0.01543832328170538
913408,446,231,3951,-3.9856086,0.00025,0.02169645,-92.51126198768615,2.7862517833709717,4450,0.2,2021.2026817321778,0.225244140625,-0.0002624988555908203,570.5199584960938,-0.015530047978973015
915456,447,231,3959,0.16377923,0.00025,0.017981367,-92.60696511268615,2.79317307472229,4460,0.2,2010.06434173584,0.17958984375,-0.0017353296279907227,1221.0609130859375,-0.017045385674282442
917504,448,231,3968,-9.783725,0.00025,0.02248244,-92.67149538993836,2.796367645263672,4470,0.2,1658.7455284118653,0.22890625,0.034018635749816895,757.9014892578125,-0.022875616789679042
919552,449,231,3976,5.6569314,0.00025,0.024493165,-92.72114930152892,2.8015589714050293,4480,0.2,1522.8754119873047,0.230419921875,0.017958641052246094,727.2496948242188,-0.012460338484379463
921600,450,231,3985,6.7238507,0.00025,0.033619408,-92.82451519966125,2.8108675479888916,4490,0.2,2016.6193786621093,0.2875,0.006890237331390381,737.7369995117188,-0.012060167592426296
923648,451,231,3993,-4.7747855,0.00025,0.024743298,-92.94286098480225,2.819169282913208,4500,0.2,1689.1334716796875,0.175048828125,0.036494553089141846,800.1956176757812,-0.018152293129242027
925696,452,231,4001,40.810715,0.00025,0.03877624,-93.07070240974426,2.8295116424560547,4510,0.2,1863.3529037475587,0.265087890625,0.0032886862754821777,997.9901733398438,0.00402391487150453
927744,453,231,4009,-0.6678173,0.00025,0.016741224,-93.16886615753174,2.833686590194702,4520,0.2,2220.644992828369,0.1880859375,-0.02401578426361084,1295.6915283203125,-0.020322894272976556
929792,454,231,4017,-6.722288,0.00025,0.025211435,-93.25519437789917,2.841787576675415,4530,0.2,1454.6316566467285,0.2291015625,-0.01599586009979248,645.34716796875,-0.019704122573602944
931840,455,231,4027,2.0036016,0.00025,0.02328784,-93.36892156600952,2.8507628440856934,4540,0.2,992.0805625915527,0.227294921875,-0.0121079683303833,511.1260986328125,-0.01699791062710574
933888,456,231,4035,9.531617,0.00025,0.038183697,-93.44347710609436,2.854194402694702,4550,0.2,1417.5156818389892,0.348779296875,0.0037707090377807617,802.5669555664062,-8.184885664377361e-05
935936,457,231,4043,0.6675914,0.00025,0.022191238,-93.5258990764618,2.8632118701934814,4560,0.2,1185.1106414794922,0.250927734375,-0.025763869285583496,581.0845947265625,-0.011809718099539169
937984,458,231,4051,5.1712484,0.00025,0.026539702,-93.63904099464416,2.8705084323883057,4570,0.2,1561.7316970825195,0.2181640625,-0.007896900177001953,1172.8431396484375,-0.017245073275989852
940032,459,231,4059,-14.250341,0.00025,0.019247899,-93.72693090438842,2.877995729446411,4580,0.2,2488.948825073242,0.201904296875,-0.001898050308227539,1415.4571533203125,-0.01195418288843939
942080,460,231,4067,10.106089,0.00025,0.02154534,-93.83705735206604,2.8863332271575928,4590,0.2,1984.6290576934814,0.23212890625,-0.01818239688873291,1068.81591796875,-0.009716171567561105
944128,461,231,4076,1.2562288,0.00025,0.022846062,-93.90952019691467,2.8899543285369873,4600,0.2,2369.7920806884767,0.25986328125,0.025397658348083496,578.3480224609375,-0.006543661508476362
946176,462,231,4085,-4.709718,0.00025,0.02853471,-93.97477750778198,2.8960812091827393,4610,0.2,1273.6098232269287,0.241259765625,0.019863545894622803,659.9861450195312,-0.010404378830571659
948224,463,231,4093,5.81333,0.00025,0.016990848,-94.06019062995911,2.9039411544799805,4620,0.2,1569.4219619750977,0.1935546875,-0.03159952163696289,1043.390869140625,-0.019798659639491234
950272,464,231,4101,0.37355238,0.00025,0.02356555,-94.14117612838746,2.9085755348205566,4630,0.2,1273.5293807983398,0.215478515625,-0.012605905532836914,759.5681762695312,-0.01793022203783039
952320,465,231,4110,-1.181571,0.00025,0.016859662,-94.20425753593445,2.9142284393310547,4640,0.2,1451.0138149261475,0.17353515625,-0.02534615993499756,379.0215148925781,-0.014725621562683954
954368,466,231,4118,0.33223632,0.00025,0.02924329,-94.33030014038086,2.9254653453826904,4650,0.2,1225.5781295776367,0.318798828125,-0.0070209503173828125,463.8299255371094,-0.008789300933131017
956416,467,231,4126,11.711254,0.00025,0.05096044,-94.4562479019165,2.9359710216522217,4660,0.2,1308.2599094390869,0.287060546875,-0.0013436079025268555,1344.2742919921875,-0.0030946738261263818
958464,468,231,4134,-6.0741587,0.00025,0.03400793,-94.58054203987122,2.945011854171753,4670,0.2,1830.4052299499513,0.25126953125,-0.02986884117126465,743.2696533203125,-0.005173471770831384
960512,469,231,4143,-7.2388477,0.00025,0.022737455,-94.68869433403015,2.9516658782958984,4680,0.2,1868.6681602478027,0.1896484375,0.005616724491119385,746.1865234375,-0.01455860736023169
962560,470,231,4151,8.800387,0.00025,0.019177973,-94.7687026500702,2.959294319152832,4690,0.2,1553.4056449890136,0.204443359375,0.002633333206176758,822.9497680664062,-0.013534199772402644
964608,471,231,4159,0.27163306,0.00025,0.021446593,-94.88621253967285,2.9682350158691406,4700,0.2,1456.7350700378418,0.171875,0.029626190662384033,746.70751953125,-0.018505517701851205
966656,472,231,4167,6.90892,0.00025,0.025238283,-95.00853872299194,2.9786298274993896,4710,0.2,1031.2795513153076,0.24140625,-0.06011307239532471,559.5764770507812,-0.016687531548086554
968704,473,231,4176,-5.26765,0.00025,0.022902448,-95.14174475669861,2.9889073371887207,4720,0.2,1409.2376445770265,0.217236328125,0.02217179536819458,637.0972900390625,-0.02071962808004173
970752,474,232,4184,6.6426234,0.00025,0.01915009,-95.25526385307312,2.9957942962646484,4730,0.2,2629.7968910217287,0.169384765625,0.004320263862609863,1185.192138671875,-0.013849626871524379
972800,475,232,4192,9.874486,0.00025,0.022289533,-95.32286791801452,3.00119686126709,4740,0.2,2415.1531341552736,0.181201171875,-0.027711868286132812,1101.7364501953125,-0.013524334301473573
974848,476,232,4201,-23.66848,0.00025,0.024098102,-95.40288057327271,3.0090513229370117,4750,0.2,1831.2037052154542,0.25029296875,-0.0068895816802978516,1189.91943359375,-0.008577326344675385
976896,477,231,4211,7.550045,0.00025,0.017390095,-95.50166091918945,3.0143675804138184,4760,0.2,2357.038433074951,0.17451171875,0.0010089874267578125,1078.307861328125,-0.015793811205367093
978944,478,231,4220,8.82163,0.00025,0.038157687,-95.59674253463746,3.025195360183716,4770,0.2,2560.9133712768553,0.337109375,-0.0005176067352294922,1114.78271484375,-0.004505939211230725
980992,479,231,4229,-20.96048,0.00025,0.026405722,-95.69660906791687,3.028653144836426,4780,0.2,1746.1452201843263,0.232958984375,-0.009643793106079102,862.8123168945312,-0.016914919539703987
983040,480,231,4239,45.0045,0.00025,0.01893761,-95.7400255203247,3.033310890197754,4790,0.2,2530.3065803527834,0.17646484375,0.009920895099639893,1512.0191650390625,-0.024706333118956536
985088,481,231,4247,-12.498149,0.00025,0.013592179,-95.8124135017395,3.0423600673675537,4800,0.2,3443.814832305908,0.146875,-0.010376214981079102,2249.74560546875,-0.012332718874677084
987136,482,231,4256,6.028629,0.00025,0.026395831,-95.95603456497193,3.055774688720703,4810,0.2,2090.6101566314696,0.248583984375,-0.013237714767456055,925.43359375,-0.009934890750446356
989184,483,231,4265,-1.1271989,0.00025,0.02386424,-96.12410020828247,3.0691356658935547,4820,0.2,1522.9116344451904,0.22724609375,0.023666679859161377,1313.3603515625,-0.016002125130034982
991232,484,231,4274,-10.613989,0.00025,0.023981255,-96.25576410293579,3.076245069503784,4830,0.2,1373.646925354004,0.211279296875,0.0187416672706604,759.349609375,-0.017955247263307682
993280,485,231,4284,-11.080371,0.00025,0.02417966,-96.36265940666199,3.088621139526367,4840,0.2,1975.1873878479005,0.2392578125,0.016672611236572266,1258.612060546875,-0.019793908920837565
995328,486,231,4293,-3.6203353,0.00025,0.020977177,-96.52850785255433,3.102562665939331,4850,0.2,1674.7873710632325,0.194970703125,0.0006915926933288574,1240.4874267578125,-0.016404373962723186
997376,487,231,4302,-9.692591,0.00025,0.032340974,-96.66110701560974,3.1092536449432373,4860,0.2,1470.6664474487304,0.269921875,-0.009717822074890137,494.56707763671875,-0.0177791786583839
999424,488,231,4311,-45.193756,0.00025,0.015930671,-96.72995429039001,3.1136252880096436,4870,0.2,1573.0047687530518,0.161376953125,-0.0013719797134399414,862.6420288085938,-0.02365523678890895
1001472,489,231,4319,-15.644306,0.00025,0.0197083,-96.83179960250854,3.1247332096099854,4880,0.2,2192.95581741333,0.20068359375,-0.027903318405151367,1293.567138671875,-0.0188842461706372
