account_rewards,date
-3297454.3975190013,2012-01-09
-7710.385134001523,2012-01-10
-4781.08970229984,2012-01-11
-30973.963726600152,2012-01-12
-62189.156472202034,2012-01-13
55619.242332803005,2012-01-16
-47840.88911170201,2012-01-17
20881.722613996968,2012-01-18
24778.116879098176,2012-01-19
-22604.699031900873,2012-01-20
6606.03110309969,2012-01-30
-10444.545473998567,2012-01-31
22081.354352399278,2012-02-01
1559.4269285037512,2012-02-02
7534.667975500739,2012-02-03
-24595.756066801594,2012-02-06
29825.674811101766,2012-02-07
-6180.235499100409,2012-02-08
-4383.244786901663,2012-02-09
-2345.7211205991375,2012-02-10
-3116.3569402006465,2012-02-13
6807.833342301994,2012-02-14
-5575.697288498829,2012-02-15
-4401.169056701984,2012-02-16
-4436.722710299458,2012-02-17
7816.344294699759,2012-02-20
13972.827091497811,2012-02-21
-3358.8485698968248,2012-02-22
6260.444917698825,2012-02-23
9392.676612199306,2012-02-24
1204.4105401019885,2012-02-27
-17019.64211200047,2012-02-28
-12874.20779140109,2012-02-29
20010.568022399904,2012-03-01
-19796.06884059921,2012-03-02
-27970.066340398524,2012-03-05
-25487.315595097938,2012-03-06
18752.838458200244,2012-03-07
28166.794398498834,2012-03-08
6740.612905701901,2012-03-09
8795.44753150098,2012-03-12
-32910.07347960181,2012-03-13
10644.083414601271,2012-03-14
25725.39623910106,2012-03-15
1523.1955011968555,2012-03-16
-39675.80054989715,2012-03-19
-14075.891615000728,2012-03-20
-18106.19687220042,2012-03-21
-28979.42923969906,2012-03-22
42063.96045450066,2012-03-23
-527.3634760018655,2012-03-26
-75978.84820570001,2012-03-27
-27183.354774999705,2012-03-28
4642.613721000905,2012-03-29
47254.75432189668,2012-03-30
-8915.670547696987,2012-04-05
-25127.402576001776,2012-04-06
-4307.414662998835,2012-04-09
30017.291820899383,2012-04-10
14072.127571098641,2012-04-12
-35573.391593199674,2012-04-13
-29190.922769202447,2012-04-16
11524.672060997482,2012-04-17
-51293.55408609874,2012-04-18
14868.49478099664,2012-04-19
-26274.954188401076,2012-04-20
-15978.706784199441,2012-04-23
22495.174063500875,2012-04-24
-13011.056589901102,2012-04-25
2255.274067301275,2012-04-26
62673.857636200635,2012-04-27
-3078.6229510007183,2012-05-02
-55581.902254198874,2012-05-03
28535.640571799224,2012-05-04
938.6612520995542,2012-05-07
-53289.70088679923,2012-05-08
31003.1900431994,2012-05-09
-18295.6181798005,2012-05-10
-6360.642330999504,2012-05-11
-35178.32580839976,2012-05-14
-23789.184266800454,2012-05-15
12064.652299000049,2012-05-16
-38575.052787702785,2012-05-17
53586.29943200042,2012-05-18
10506.386518601075,2012-05-21
27469.082269800947,2012-05-22
-33380.917431202164,2012-05-23
-42345.04406969972,2012-05-24
73085.52551620013,2012-05-25
14508.810894298707,2012-05-28
-18455.452989599926,2012-05-29
-25848.70347369929,2012-05-30
47090.59824110291,2012-05-31
-47969.049558000894,2012-06-01
16041.885787501078,2012-06-04
-34105.52538900011,2012-06-05
-38734.864138402685,2012-06-06
-35960.05782799935,2012-06-07
85766.2938035008,2012-06-08
53546.252331901356,2012-06-11
6895.944305800549,2012-06-12
-14897.77676009992,2012-06-13
-31723.996769901514,2012-06-14
-147.80048929854564,2012-06-15
50696.68008489754,2012-06-18
-106519.15546239921,2012-06-19
-37866.33129099774,2012-06-20
-9434.184955200355,2012-06-21
-42206.822107399996,2012-06-25
-37650.7114671006,2012-06-26
-3528.678742099455,2012-06-27
19473.92374279879,2012-06-28
141244.1208597996,2012-06-29
-28810.293081001626,2012-07-02
11299.053089700661,2012-07-03
9413.987257600696,2012-07-04
72301.42490369959,2012-07-05
54393.63125759985,2012-07-06
-81765.79646009953,2012-07-09
196676.8188410988,2012-07-10
41363.296213299014,2012-07-11
39605.373553502235,2012-07-12
-43215.69555490397,2012-07-13
-124177.49476249941,2012-07-16
-74625.53237799763,2012-07-17
2455.6336253976647,2012-07-18
-65870.1819819988,2012-07-19
-42290.5119010997,2012-07-20
31033.40247080083,2012-07-23
-84968.43114049957,2012-07-24
-69033.64138999791,2012-07-25
-56482.60046090339,2012-07-26
-16945.333763897885,2012-07-27
7150.187235398614,2012-07-30
-4811.779677299734,2012-07-31
115672.38803250153,2012-08-01
42347.72979490069,2012-08-02
33345.78613729714,2012-08-03
-8033.891052396977,2012-08-06
-83436.64915510113,2012-08-07
118690.47331110192,2012-08-08
-53335.749997000086,2012-08-09
-49445.2218597036,2012-08-10
-44416.97781060024,2012-08-13
-91796.19100929821,2012-08-14
-74976.4122849,2012-08-15
-12946.887487900382,2012-08-16
-8394.399237201189,2012-08-17
38885.035844403006,2012-08-20
-86180.55192400081,2012-08-21
-30807.859992000336,2012-08-22
-21570.538955798802,2012-08-23
-92149.63326320151,2012-08-24
61887.866658602,2012-08-27
-51028.68861439873,2012-08-28
-76782.11529370003,2012-08-29
-32270.96887079869,2012-08-30
57275.062770897755,2012-08-31
-29934.086733398788,2012-09-03
48154.12225729808,2012-09-04
8737.193392399011,2012-09-05
197972.3617485032,2012-09-06
-30823.942574399982,2012-09-07
-7550.168937999577,2012-09-10
-15487.12603930175,2012-09-11
-38053.77460849894,2012-09-12
6703.477185399947,2012-09-13
-187753.83406100117,2012-09-14
-8440.236272298198,2012-09-17
124784.32772099941,2012-09-18
-140573.3091936999,2012-09-19
25705.082288298636,2012-09-20
35941.08401160122,2012-09-21
-28797.09263810145,2012-09-24
-40495.380281098696,2012-09-25
111909.66965290207,2012-09-26
88742.75574409755,2012-09-27
-30458.48528209703,2012-09-28
156247.53861229407,2012-10-08
-51423.22348709873,2012-10-09
-63460.50060980013,2012-10-10
21838.074280502256,2012-10-11
-8545.304739197718,2012-10-12
58362.282304298256,2012-10-15
-12155.942550100197,2012-10-16
106142.14694750097,2012-10-17
-53233.542591497746,2012-10-18
-5205.3606378025015,2012-10-19
-208064.9166514979,2012-10-22
-136034.97836170145,2012-10-23
-3488.4171610979447,2012-10-24
-79176.64247140271,2012-10-25
-30476.157237599426,2012-10-26
-77644.97602259963,2012-10-29
-54245.391325199096,2012-10-30
94918.11362659949,2012-10-31
42178.071594699984,2012-11-01
-26872.488537497415,2012-11-02
53578.05296689261,2012-11-05
2997.9462806023457,2012-11-06
-67569.84871219906,2012-11-07
-52076.86443580147,2012-11-08
-123558.80617999703,2012-11-09
-43466.947101302314,2012-11-12
67034.55138580005,2012-11-13
-39142.20040820007,2012-11-14
-45463.70651469931,2012-11-15
-111541.54502550421,2012-11-16
-63059.105961196634,2012-11-19
21329.33651610048,2012-11-20
-84786.9788292987,2012-11-21
24983.505982399998,2012-11-22
-28989.19648770241,2012-11-23
-209360.74963699677,2012-11-26
-37073.74027390068,2012-11-27
-7866.709969301172,2012-11-28
70742.68840999753,2012-11-29
-99207.66221969751,2012-11-30
41858.65739040075,2012-12-03
218824.46927670026,2012-12-04
-22972.56400850181,2012-12-05
118190.90866940268,2012-12-06
909.1803360000627,2012-12-07
-78882.39455870402,2012-12-10
-37931.58856099734,2012-12-11
-62368.879356900354,2012-12-12
207475.51662080348,2012-12-13
-84532.49038480117,2012-12-14
-27227.423107303985,2012-12-17
39633.16952169955,2012-12-18
-6023.625926396659,2012-12-19
129136.65584279706,2012-12-20
136479.87608900186,2012-12-21
84950.66217249894,2012-12-24
-8418.28502439867,2012-12-25
14010.307484900013,2012-12-26
100260.02600509864,2012-12-27
198355.40015690148,2012-12-28
-273200.809029001,2012-12-31
-32090.445683997266,2013-01-04
45248.18801129828,2013-01-07
-48985.75176720015,2013-01-08
-58397.12261840152,2013-01-09
-93154.92043139835,2013-01-10
199450.8567804009,2013-01-11
29201.087698199186,2013-01-14
-47022.37573699924,2013-01-15
-111937.88066270083,2013-01-16
203738.55402240058,2013-01-17
-38134.59006480076,2013-01-18
-153624.53964090094,2013-01-21
42767.297929403634,2013-01-22
-211039.7655682018,2013-01-23
150118.45634469896,2013-01-24
61196.86215060058,2013-01-25
-45720.79935059966,2013-01-28
-153483.73003420146,2013-01-29
-118664.2700587972,2013-01-30
56395.343003700495,2013-01-31
-112494.53465960166,2013-02-01
17190.742126799363,2013-02-04
-19305.719332598946,2013-02-05
60931.24143360088,2013-02-06
227053.23981909748,2013-02-07
-108606.03809019862,2013-02-08
2930.1161841000358,2013-02-18
188966.7396575002,2013-02-19
-225729.3463786003,2013-02-20
-166220.82289980067,2013-02-21
9749.450621900678,2013-02-22
-11878.39424970108,2013-02-25
-93723.94672969884,2013-02-26
129764.15016189826,2013-02-27
69669.82752260193,2013-02-28
-241133.82680930043,2013-03-01
130992.73891639765,2013-03-04
69327.19260190046,2013-03-05
-274473.3404306952,2013-03-06
-115602.86158280326,2013-03-07
-91013.46508979937,2013-03-08
-199779.26442790308,2013-03-11
-145574.68684770004,2013-03-12
197441.0144788043,2013-03-13
-60449.19105070052,2013-03-14
-13997.11537360108,2013-03-15
-201464.13004410002,2013-03-18
170247.09170410098,2013-03-19
-6767.359521501026,2013-03-20
40969.158095300496,2013-03-21
-85588.45047889986,2013-03-22
-43585.97069480124,2013-03-25
117170.80329630194,2013-03-26
-230911.09645060104,2013-03-27
-91522.566261698,2013-03-28
-94913.3873609009,2013-03-29
-332827.51320560044,2013-04-01
-128292.03812360101,2013-04-02
-30474.617873300427,2013-04-03
-43528.66110339824,2013-04-08
-111117.60814850335,2013-04-09
-95022.83991260026,2013-04-10
-86137.17582269794,2013-04-11
-126704.54723400107,2013-04-12
-116017.3541663975,2013-04-15
145321.51564720026,2013-04-16
-91328.00635870286,2013-04-17
70322.57705010108,2013-04-18
-120078.22624350146,2013-04-19
-126280.74387799925,2013-04-22
131581.03082549985,2013-04-23
63627.755214499746,2013-04-24
-104529.78659509934,2013-04-25
-174167.82434659972,2013-04-26
5824.941660501357,2013-05-02
57635.313696701975,2013-05-03
-103390.94898670528,2013-05-06
63386.65696600143,2013-05-07
-99221.1841849976,2013-05-08
81956.69540770003,2013-05-09
-123677.84223540178,2013-05-10
-149556.96665409976,2013-05-13
-34958.48554720046,2013-05-14
30820.887215200597,2013-05-15
-9694.036061802817,2013-05-16
-72313.74281389937,2013-05-17
9994.822709098979,2013-05-20
-42697.14954469704,2013-05-21
-212804.55961439956,2013-05-22
55059.701347701084,2013-05-23
-53916.81563960292,2013-05-24
51682.213751199924,2013-05-27
-17878.17833979821,2013-05-28
-110327.88320219947,2013-05-29
-87615.36450729863,2013-05-30
-144959.71273940353,2013-05-31
-72734.33168429825,2013-06-03
140953.47083189912,2013-06-04
-108443.81224289813,2013-06-05
-156534.70492040017,2013-06-06
-228401.2853386016,2013-06-07
208820.00350699862,2013-06-13
438991.90122970066,2013-06-14
94412.41406520123,2013-06-17
-95193.80788629854,2013-06-18
-339556.01591140457,2013-06-19
-70009.46350389892,2013-06-20
-231797.79814289697,2013-06-21
-71117.6172415013,2013-06-24
-108961.5084576012,2013-06-25
-71423.26961349975,2013-06-26
7866.6554883993895,2013-06-27
-472662.12804579735,2013-06-28
189864.6746556017,2013-07-01
-101761.9664118021,2013-07-02
-111619.41034519699,2013-07-03
-46143.20350530172,2013-07-04
-157984.95786210132,2013-07-05
17570.28264469836,2013-07-08
24036.05740080363,2013-07-09
80714.55696539638,2013-07-10
-14424.223166697213,2013-07-11
-42104.01358450371,2013-07-12
136242.36348810425,2013-07-15
-113283.25777980062,2013-07-16
-159555.05837170416,2013-07-17
-135120.6064065963,2013-07-18
72962.9587241991,2013-07-19
47377.37709200066,2013-07-22
43742.8426519984,2013-07-23
-110415.39681200049,2013-07-24
-107120.70478499899,2013-07-25
-116268.41625530038,2013-07-26
-83492.91994600087,2013-07-29
-187867.27833979845,2013-07-30
109447.42560839799,2013-07-31
-41076.79084869907,2013-08-01
110257.58070350012,2013-08-02
291.7048832963326,2013-08-05
-163076.42675749527,2013-08-06
-101384.95273990057,2013-08-07
65884.5129789983,2013-08-08
107704.23289600208,2013-08-09
-39722.6497170026,2013-08-12
-118610.66638199825,2013-08-13
-173849.36528399785,2013-08-14
-105871.0341759025,2013-08-15
12153.28042720055,2013-08-16
-99584.33446970052,2013-08-19
-39724.571412097604,2013-08-20
-77447.50625300358,2013-08-21
-128016.4351821984,2013-08-22
86158.50100889934,2013-08-23
12203.988443300565,2013-08-26
-131551.30030739965,2013-08-27
-156637.0115828012,2013-08-28
-131531.9679705984,2013-08-29
7177.128705099727,2013-08-30
94354.90157070197,2013-09-02
-168946.38120940104,2013-09-03
-78634.957962003,2013-09-04
-8025.943710997198,2013-09-05
34447.003007798696,2013-09-06
-50982.265166496036,2013-09-09
-30087.95372750295,2013-09-10
285.17318129855994,2013-09-11
8151.612176700347,2013-09-12
29662.220616300256,2013-09-13
-91299.02385970131,2013-09-16
45000.463243200844,2013-09-17
-44512.57961189971,2013-09-18
-84919.25950340004,2013-09-23
-104217.57999680052,2013-09-24
-88242.43959619901,2013-09-25
116466.1749422993,2013-09-26
-43046.46764619757,2013-09-27
-45668.48070669863,2013-09-30
-5266.400356402344,2013-10-08
-212537.78619870084,2013-10-09
-9591.322608898237,2013-10-10
-60935.37551050096,2013-10-11
87987.19261769738,2013-10-14
-228977.45594719943,2013-10-15
-14095.503343798839,2013-10-16
-6237.2684063986935,2013-10-17
86775.31393090246,2013-10-18
-118703.71996460232,2013-10-21
-135045.72411410144,2013-10-22
-94754.99686790342,2013-10-23
-299890.7872289927,2013-10-24
-182816.39661910295,2013-10-25
-59187.842155302205,2013-10-28
-43043.48730619798,2013-10-29
-85006.74954550226,2013-10-30
1070.7058972022526,2013-10-31
-208682.50833339943,2013-11-01
-38543.03681070063,2013-11-04
-137892.88749519855,2013-11-05
-107132.33848320117,2013-11-06
-153793.59940009876,2013-11-07
55436.68829989789,2013-11-08
85134.20526230037,2013-11-11
-145781.708511999,2013-11-12
53058.57004209898,2013-11-13
22606.290181499684,2013-11-14
12574.137976902208,2013-11-15
-43519.817086905896,2013-11-18
9837.198769204122,2013-11-19
-932.6502960984301,2013-11-20
-26650.39905420235,2013-11-21
-21340.375231298458,2013-11-22
-51606.5979874009,2013-11-25
18633.41410600127,2013-11-26
71477.29096319877,2013-11-27
124624.74812559926,2013-11-28
-122603.06752380072,2013-11-29
58811.470990000504,2013-12-02
-5924.622648699504,2013-12-03
-77997.8200977994,2013-12-04
-66994.09582679858,2013-12-05
-71736.34055530267,2013-12-06
-66344.5408989006,2013-12-09
-92260.32866339812,2013-12-10
-23080.0699243985,2013-12-11
-34608.6716015001,2013-12-12
-85914.96945460251,2013-12-13
-52941.34902690024,2013-12-16
64790.944587602244,2013-12-17
-97272.21228490047,2013-12-18
-255008.56276280005,2013-12-19
-100449.0038063997,2013-12-20
-90744.0975436009,2013-12-23
67174.46753140072,2013-12-24
-136266.35621349965,2013-12-25
71408.67800760012,2013-12-26
1212.0347017983872,2013-12-27
-4564.564391100404,2013-12-30
148815.9671351997,2013-12-31
-69205.70072059729,2014-01-02
-112834.61314240155,2014-01-03
-18206.064376199036,2014-01-06
-67210.63571170082,2014-01-07
-45402.0323197961,2014-01-08
-107311.669739805,2014-01-09
-165899.95385399897,2014-01-10
-33614.90768179949,2014-01-13
-83472.63316390144,2014-01-14
-23881.05834299624,2014-01-15
-171125.92726710453,2014-01-16
-244541.3005749988,2014-01-17
27896.727417000453,2014-01-20
118821.42893960087,2014-01-21
39420.837021299405,2014-01-22
77294.28258810053,2014-01-23
-127398.94714880023,2014-01-24
-66860.79414800051,2014-01-27
-64022.479770898164,2014-01-28
-19602.581525201116,2014-01-29
-39956.545237699385,2014-01-30
210689.54362869854,2014-02-07
3150.3117583020244,2014-02-10
-4628.7650387001495,2014-02-11
-121976.0841812023,2014-02-12
23937.0709592997,2014-02-13
-10181.504484496258,2014-02-14
-150731.63169410074,2014-02-17
50564.07480819878,2014-02-18
95055.819071898,2014-02-19
-19440.59156519771,2014-02-20
-217748.95181339854,2014-02-21
-206791.24765149958,2014-02-24
-82953.60104920433,2014-02-25
-57859.70903799739,2014-02-26
24776.95291589747,2014-02-27
38789.83584700293,2014-02-28
-98559.62018950132,2014-03-03
-84845.64845160172,2014-03-04
-68396.31053759743,2014-03-05
194563.81441649946,2014-03-06
-255843.34104090076,2014-03-07
62856.830868201054,2014-03-10
-106707.09885199863,2014-03-11
137004.5749775993,2014-03-12
-113032.98918239975,2014-03-13
24876.551910700353,2014-03-14
-50442.70579060209,2014-03-17
-124825.55658219977,2014-03-18
-183433.18552470003,2014-03-19
74901.57071369917,2014-03-20
-32692.31461309751,2014-03-21
-65570.64266719998,2014-03-24
14983.560758901252,2014-03-25
-127529.8151500002,2014-03-26
-109547.22543430059,2014-03-27
-114334.9348148028,2014-03-28
27149.83867730106,2014-03-31
-33925.827822402905,2014-04-01
11917.149607903106,2014-04-02
-7279.986237495663,2014-04-03
122501.21051049716,2014-04-04
-4073.502999301809,2014-04-08
38951.85094179897,2014-04-09
184596.3693024982,2014-04-10
-85768.69269419395,2014-04-11
-118204.9159266049,2014-04-14
-6295.589063299777,2014-04-15
-69546.55602739708,2014-04-16
-44573.60150420131,2014-04-17
-54990.744648300344,2014-04-18
65023.75843919975,2014-04-21
-238795.18615190164,2014-04-22
-38711.74540870064,2014-04-23
-183015.10396389748,2014-04-24
-147112.03714729744,2014-04-25
-17510.987031101136,2014-04-28
34821.366467896005,2014-04-29
-26576.24814759604,2014-04-30
2316.5688490973125,2014-05-05
-40037.319930997946,2014-05-06
-36377.30515570208,2014-05-07
-78345.85992549619,2014-05-08
175256.19080389518,2014-05-09
-84802.38822089754,2014-05-12
-59680.03693099903,2014-05-13
-77163.90593380011,2014-05-14
-16471.94658860122,2014-05-15
-115225.38343810006,2014-05-16
-25070.84038980093,2014-05-19
7276.078172202627,2014-05-20
-37495.509370401254,2014-05-21
38338.22127709956,2014-05-22
39719.843892800985,2014-05-23
-47926.036282599634,2014-05-26
43078.04379449875,2014-05-27
-25234.796095799582,2014-05-28
-28904.586861000476,2014-05-29
-49913.77105379935,2014-05-30
-122149.79048700014,2014-06-03
31833.560823399323,2014-06-04
-63364.17034649935,2014-06-05
-4138.050404501004,2014-06-06
50061.948898502065,2014-06-09
315.2631493999032,2014-06-10
-13413.744748402356,2014-06-11
19185.669410699833,2014-06-12
23934.896097101584,2014-06-13
-69766.77094320011,2014-06-16
-77475.71253410036,2014-06-17
-143267.47023269846,2014-06-18
-16926.659053799467,2014-06-19
-13134.918115902028,2014-06-20
38429.82107660118,2014-06-23
-49196.51266270016,2014-06-24
-17466.89831010028,2014-06-25
18439.558807300044,2014-06-26
72187.01456720108,2014-06-27
-37250.97105619824,2014-06-30
-37982.82792220113,2014-07-01
52854.014072895945,2014-07-02
-46554.96320459833,2014-07-03
-89062.54043879859,2014-07-04
-35780.017802700466,2014-07-07
-86099.46875240085,2014-07-08
-8438.203727397102,2014-07-09
-5990.168346002356,2014-07-10
-7799.317945799132,2014-07-11
84969.83063079856,2014-07-14
-48881.26120600034,2014-07-15
-63875.450138994616,2014-07-16
44329.36066989338,2014-07-17
107682.3965351023,2014-07-18
44267.643611997526,2014-07-21
-12613.309572798902,2014-07-22
90846.81801660018,2014-07-23
2259.4757145018066,2014-07-24
30503.971042799665,2014-07-25
-76235.88071650096,2014-07-28
54180.39849629996,2014-07-29
-11275.672806100092,2014-07-30
-59006.70267599983,2014-07-31
41736.35435629962,2014-08-01
-72939.20775259721,2014-08-04
-60690.15614490245,2014-08-05
-122157.27436709998,2014-08-06
-110450.63977699952,2014-08-07
86182.0982479995,2014-08-08
-77807.87867819582,2014-08-11
-26074.188487403626,2014-08-12
-109879.86241910115,2014-08-13
65512.403498199514,2014-08-14
-4398.7749025978355,2014-08-15
-3286.066115799118,2014-08-18
-69600.15385990155,2014-08-19
-87372.82656839924,2014-08-20
-1114.557861800822,2014-08-21
-93429.07455089934,2014-08-22
-96542.36147280138,2014-08-25
1829.9509574033889,2014-08-26
-101793.33145650367,2014-08-27
15836.693553100671,2014-08-28
21435.339439701183,2014-08-29
61241.164262598766,2014-09-01
34220.646713699476,2014-09-02
44558.28960860214,2014-09-03
17213.964367601926,2014-09-04
-71237.42920530326,2014-09-05
-64791.040809100865,2014-09-09
-25724.370592997773,2014-09-10
24278.66860949798,2014-09-11
18418.138462598472,2014-09-12
-151062.28348179808,2014-09-15
-25541.295801599204,2014-09-16
-22500.15076339829,2014-09-17
-3416.7535317032607,2014-09-18
-176261.51237359925,2014-09-19
33591.342594500995,2014-09-22
71379.11428029808,2014-09-23
-29154.148954498374,2014-09-24
-10931.30091339957,2014-09-25
-29897.097988402482,2014-09-26
-5944.301024697076,2014-09-29
191958.7367346007,2014-09-30
-103943.92474080133,2014-10-08
-42093.48413830024,2014-10-09
50045.91278939796,2014-10-10
-39227.1717466983,2014-10-13
179508.0346738985,2014-10-14
-124573.01862069685,2014-10-15
-16628.892432902656,2014-10-16
5045.661375501584,2014-10-17
-177008.7994452009,2014-10-20
-127909.52597360009,2014-10-21
-76114.05046940027,2014-10-22
-79926.36584560011,2014-10-23
-23527.383289796693,2014-10-24
55465.78101329687,2014-10-27
7246.107328801259,2014-10-28
-63480.81612419844,2014-10-29
34021.38711929768,2014-10-30
-43848.0391399992,2014-10-31
-96425.48397869924,2014-11-03
-148429.48215620217,2014-11-04
-39888.8874766966,2014-11-05
25006.92995439754,2014-11-06
164263.26918829928,2014-11-07
-45054.28455419979,2014-11-10
84040.30420420089,2014-11-11
-95725.9829024003,2014-11-12
105031.99483350075,2014-11-13
-111413.44341280124,2014-11-14
-143344.09596260087,2014-11-17
-89046.89972830168,2014-11-18
-53168.24765799475,2014-11-19
71293.8182594991,2014-11-20
118184.76538289896,2014-11-21
91767.9833019983,2014-11-24
127014.29987090266,2014-11-25
14539.678160598833,2014-11-26
33675.89715980053,2014-11-27
64163.71246509953,2014-11-28
133531.34057169847,2014-12-01
39799.894641301944,2014-12-02
279382.5004602979,2014-12-03
-7688.674761598691,2014-12-04
138454.62254920084,2014-12-05
-245442.59953300087,2014-12-08
179946.54271800126,2014-12-09
-127060.36496360118,2014-12-10
-16598.924432199936,2014-12-11
5138.38067730122,2014-12-12
91206.18791939768,2014-12-15
88610.48094670016,2014-12-16
-108047.90411229774,2014-12-17
-6897.226010603707,2014-12-18
-126657.83310880006,2014-12-19
-147930.38839079643,2014-12-22
-213546.68080820196,2014-12-23
180154.94337619847,2014-12-24
161831.0519810009,2014-12-25
-87266.55467479775,2014-12-26
78771.71028639852,2014-12-29
91503.91038170125,2014-12-30
187137.09832870032,2014-12-31
62159.74556969696,2015-01-05
-43471.96456780219,2015-01-06
-227825.4768409921,2015-01-07
-98976.88253200465,2015-01-08
-95012.41328519992,2015-01-09
-11201.92431430309,2015-01-12
-73827.29965849443,2015-01-13
111460.98661930006,2015-01-14
34522.68762529781,2015-01-15
-539030.9290471976,2015-01-16
12661.619097397715,2015-01-19
194074.10116429947,2015-01-20
119232.7912766992,2015-01-21
-38709.09563069579,2015-01-22
117308.01758400131,2015-01-23
-50563.186721703016,2015-01-26
-169595.07761379855,2015-01-27
-195234.17857750223,2015-01-28
-88748.70336549867,2015-01-29
85832.27278420169,2015-01-30
200493.28314639966,2015-02-02
-205760.55390620115,2015-02-03
-135810.32745939735,2015-02-04
-143305.74814180585,2015-02-05
161730.78347290453,2015-02-06
1643.977962100352,2015-02-09
75439.5991508972,2015-02-10
-94894.10535130165,2015-02-11
-6210.929785994224,2015-02-12
23200.121572095824,2015-02-13
19932.264355303865,2015-02-16
-237778.6444742077,2015-02-17
113494.39079220222,2015-02-25
-2028.9715242027494,2015-02-26
20027.819684306894,2015-02-27
-224317.76772530033,2015-03-02
59560.83500959833,2015-03-03
-126499.17706389846,2015-03-04
-30118.05217190351,2015-03-05
86164.4440688034,2015-03-06
-82663.63408050279,2015-03-09
43076.333523301226,2015-03-10
429378.9706178003,2015-03-11
35829.84899829955,2015-03-12
346422.19315370114,2015-03-13
72816.08633429698,2015-03-16
77986.5412710072,2015-03-17
-210909.26892440094,2015-03-18
46263.3792025953,2015-03-19
108899.92605340372,2015-03-20
93348.5383658962,2015-03-23
-211916.0205117983,2015-03-24
-147431.27292730045,2015-03-25
11279.23398139934,2015-03-26
75019.96240449933,2015-03-27
-18555.404967597748,2015-03-30
290303.6089907989,2015-03-31
130984.7646618034,2015-04-01
224750.8259465975,2015-04-02
16208.424095100476,2015-04-03
-96446.95504550292,2015-04-07
-71293.40762589857,2015-04-08
292246.3421542032,2015-04-09
321503.4743824961,2015-04-10
164737.85733850126,2015-04-13
-477052.8408895958,2015-04-14
555935.3600666978,2015-04-15
-165527.68565630497,2015-04-16
-569111.2613398961,2015-04-17
311451.4101285046,2015-04-20
390816.01606479555,2015-04-21
-161917.9691814983,2015-04-22
-203203.89344970326,2015-04-23
266971.6741845043,2015-04-24
-200194.38145400502,2015-04-27
74199.76989270085,2015-04-28
-137252.53942639843,2015-04-29
-106351.69153060055,2015-04-30
-536952.497676196,2015-05-04
-56103.92078300294,2015-05-05
23100.658238600437,2015-05-06
409157.1555485012,2015-05-07
162832.2973439977,2015-05-08
76027.98122490145,2015-05-11
-35586.622241203266,2015-05-12
-160310.62098919944,2015-05-13
-350215.4109270969,2015-05-14
-11339.764181300461,2015-05-15
237463.3384472954,2015-05-18
39567.87537880367,2015-05-19
107396.53203759658,2015-05-20
134327.36253109848,2015-05-21
542510.3410407038,2015-05-22
119055.04455530121,2015-05-25
192276.91225199943,2015-05-26
-817742.7356346024,2015-05-27
535594.5728355955,2015-05-28
1001112.4101687019,2015-05-29
325673.1878743033,2015-06-01
-142440.6321088024,2015-06-02
-3806825.015023998,2015-06-03
-310578.0668764992,2015-06-04
-80698.041574599,2015-06-05
-89302.36462010282,2015-06-08
39389.601621599286,2015-06-09
-92617.61684789721,2015-06-10
-106741.96332860179,2015-06-11
-537681.5031788975,2015-06-12
-494389.34702600527,2015-06-15
209908.22396800295,2015-06-16
-563442.793564698,2015-06-17
-617499.6301926009,2015-06-18
316326.1939311022,2015-06-19
128372.94411709704,2015-06-23
-368397.1191805967,2015-06-24
-895943.1763077022,2015-06-25
-506019.4424662978,2015-06-26
635238.2202166966,2015-06-29
-439593.08782110055,2015-06-30
-241242.4145971969,2015-07-01
-416765.24586440035,2015-07-02
170132.32279949932,2015-07-03
-176082.94751990173,2015-07-06
-472084.25357179804,2015-07-07
329605.3844210995,2015-07-08
245818.42700330185,2015-07-09
50417.413325896996,2015-07-10
-197491.5214901982,2015-07-13
-44230.72400609943,2015-07-14
-133575.34486610015,2015-07-15
278877.83809179795,2015-07-16
141315.39115460205,2015-07-17
-43242.48314849926,2015-07-20
-30428.2234079998,2015-07-21
131530.52448969957,2015-07-22
-232169.42776770124,2015-07-23
-852284.7294681987,2015-07-24
-105264.64001590178,2015-07-27
176790.37116660003,2015-07-28
-313516.13798990013,2015-07-29
-28815.060064598496,2015-07-30
-81723.78107060154,2015-07-31
224960.64205839662,2015-08-03
-176469.446179095,2015-08-04
-38903.96012490225,2015-08-05
199189.7651489996,2015-08-06
343589.1267844,2015-08-07
-78432.23694039881,2015-08-10
-69170.26567970231,2015-08-11
49938.14194890027,2015-08-12
-8353.426663998876,2015-08-13
-130941.78421889973,2015-08-14
-534069.3592640975,2015-08-17
117352.10599169823,2015-08-18
-253547.0833751026,2015-08-19
-247307.91498859847,2015-08-20
-675766.7765642013,2015-08-21
-559054.5468557981,2015-08-24
-75265.24307279987,2015-08-25
341502.47472730186,2015-08-26
258824.17395489936,2015-08-27
-176881.16936920193,2015-08-28
-122774.5907226008,2015-08-31
-16364.39714679788,2015-09-01
-181317.48101210126,2015-09-02
145425.95509270212,2015-09-07
147493.85069029912,2015-09-08
-71549.46486260105,2015-09-09
-82232.29747109738,2015-09-10
-132313.16160040122,2015-09-11
-263552.86156700185,2015-09-14
281895.8793924009,2015-09-15
-186841.13214779986,2015-09-16
3858.7260378012065,2015-09-17
72772.43625299721,2015-09-18
56871.652370899814,2015-09-21
-180125.24463579807,2015-09-22
64487.621714899695,2015-09-23
-127332.28069469868,2015-09-24
22396.909859998465,2015-09-25
-157187.67608559883,2015-09-28
16140.337119000216,2015-09-29
210684.86540569962,2015-09-30
73928.47754209755,2015-10-08
222554.81011520236,2015-10-09
-114265.15804699861,2015-10-12
-52288.21282860131,2015-10-13
119808.92966889907,2015-10-14
72063.5998742001,2015-10-15
-69601.80698359999,2015-10-16
53868.30414590173,2015-10-19
-131599.92894649977,2015-10-20
31119.72468239729,2015-10-21
161275.3965794008,2015-10-22
-10545.811362499277,2015-10-23
21415.18373920019,2015-10-26
-177555.09593500037,2015-10-27
-19561.101677904502,2015-10-28
-31817.70870379674,2015-10-29
-124393.21731960055,2015-10-30
-74839.87237549807,2015-11-02
271386.03031800006,2015-11-03
61912.39327790095,2015-11-04
158310.8728404005,2015-11-05
79201.39041649642,2015-11-06
-65140.5625873972,2015-11-09
-30469.623091001882,2015-11-10
-144657.5734965986,2015-11-11
-125492.23353580084,2015-11-12
-28397.23336849813,2015-11-13
-25199.311886401247,2015-11-16
-140637.17459720135,2015-11-17
34401.907549001466,2015-11-18
-94706.85854630047,2015-11-19
-100342.1044339002,2015-11-20
-32047.19827650159,2015-11-23
32315.23274700296,2015-11-24
-92626.59933320039,2015-11-25
-330121.85114780266,2015-11-26
-130567.2632671982,2015-11-27
-7142.374258799912,2015-11-30
172423.2868981966,2015-12-01
16749.691935503553,2015-12-02
-151583.7797240031,2015-12-03
96926.1793648027,2015-12-04
-115144.56393989947,2015-12-07
-55532.27165920116,2015-12-08
-22056.311223398454,2015-12-09
-108538.11052400203,2015-12-10
137369.53094440038,2015-12-11
-39367.53780270091,2015-12-14
-18907.523199900705,2015-12-15
42446.72285260141,2015-12-16
7007.000120000664,2015-12-17
252132.82708270077,2015-12-18
85117.64634030224,2015-12-21
34785.43324879932,2015-12-22
-139846.82429470186,2015-12-23
15568.275465300438,2015-12-24
-275195.5982984007,2015-12-25
24642.846164498347,2015-12-28
32202.27357580254,2015-12-29
-130317.52916730037,2015-12-30
-615890.9110116984,2015-12-31
-41097.18498340425,2016-01-04
143388.08391080255,2016-01-05
-608819.7215621998,2016-01-06
168543.0109358,2016-01-07
-398021.6109179008,2016-01-08
-2130.9048358995433,2016-01-11
-108608.50827069781,2016-01-12
94497.62260729863,2016-01-13
-259137.87414380128,2016-01-14
-22216.709321899885,2016-01-15
150010.95494500076,2016-01-18
-105009.49606759934,2016-01-19
-242128.69830390258,2016-01-20
56796.626690402285,2016-01-21
53934.452908399,2016-01-22
-439718.5527068992,2016-01-25
-34231.15834750103,2016-01-26
-178122.98998199907,2016-01-27
153391.13843719946,2016-01-28
-118646.55098550116,2016-01-29
130715.38619530009,2016-02-01
-46539.502524798816,2016-02-02
70081.20287580037,2016-02-03
-69963.07217930004,2016-02-04
-64858.92291080052,2016-02-05
164223.36840539996,2016-02-15
18350.752453701345,2016-02-16
-8188.880667501871,2016-02-17
-39266.75902669844,2016-02-18
117828.81343499916,2016-02-19
-104970.68468360048,2016-02-22
-9061.843050500835,2016-02-23
-399352.74021860136,2016-02-24
31616.422022401668,2016-02-25
-59414.741530700216,2016-02-26
94852.13007440102,2016-02-29
198642.4682620037,2016-03-01
-31643.422110705415,2016-03-02
102600.24714180054,2016-03-03
4733.435372403132,2016-03-04
-12015.728233002887,2016-03-07
-84608.13371510134,2016-03-08
-210865.75278979717,2016-03-09
-7407.3299969987,2016-03-10
68085.50638359724,2016-03-11
13447.04865899963,2016-03-14
18989.214503400777,2016-03-15
11145.962051301874,2016-03-16
11116.22886930066,2016-03-17
156535.45571899874,2016-03-18
-138514.8549075994,2016-03-21
-6448.269300201955,2016-03-22
-167496.20385619867,2016-03-23
25378.742306798733,2016-03-24
-33689.95623680092,2016-03-25
-50957.48802209778,2016-03-28
180005.05226719708,2016-03-29
-24958.444595196546,2016-03-30
-2295.7413919988326,2016-03-31
34530.48408690136,2016-04-01
-17106.640754202617,2016-04-05
-120986.75618420128,2016-04-06
-43760.36215710034,2016-04-07
79538.9226698026,2016-04-08
23988.560043398855,2016-04-11
60120.893618898415,2016-04-12
-37751.54661860121,2016-04-13
-25958.47036559712,2016-04-14
-111394.975340398,2016-04-15
-23290.677146901802,2016-04-18
-107387.43044830229,2016-04-19
-11514.07516839946,2016-04-20
-28847.729971000434,2016-04-21
-62553.234732200704,2016-04-22
-1166.5431900974745,2016-04-25
-93599.0906991981,2016-04-26
-70167.42377840211,2016-04-27
-28763.509725999724,2016-04-28
22791.089691899782,2016-04-29
-27423.478101001758,2016-05-03
-59873.75854239991,2016-05-04
-188881.99866910014,2016-05-05
-149104.52863119892,2016-05-06
-64448.554393402155,2016-05-09
81342.66432900126,2016-05-10
-19782.31101939714,2016-05-11
3813.2527474973226,2016-05-12
60480.1520042005,2016-05-13
-43788.64148890034,2016-05-16
-19884.426791698224,2016-05-17
-155515.22042980327,2016-05-18
13689.351467902034,2016-05-19
-25973.63276199913,2016-05-20
-539549.867949299,2016-05-23
-60489.21468700127,2016-05-24
-1906.8667193018282,2016-05-25
-50318.657724899735,2016-05-26
-13531.467804001266,2016-05-27
184904.3299651045,2016-05-30
-60420.060365602585,2016-05-31
-29031.0878311011,2016-06-01
18264.867278102018,2016-06-02
-50756.13430970032,2016-06-03
349.3925033997989,2016-06-06
-60324.639097099054,2016-06-07
-216133.53195139865,2016-06-08
6479.2926423991585,2016-06-13
30198.435700599566,2016-06-14
-75985.89670050066,2016-06-15
44929.04976809996,2016-06-16
-9221.722618400652,2016-06-17
-47992.7833757993,2016-06-20
37167.11398329917,2016-06-21
-43303.650526098354,2016-06-22
-114450.74870989996,2016-06-23
93789.30864889898,2016-06-24
92098.6578670003,2016-06-27
853.5009607003335,2016-06-28
6982.449615898658,2016-06-29
-16682.821831498848,2016-06-30
77801.31176830118,2016-07-01
-30123.546501102832,2016-07-04
54900.20940630142,2016-07-05
35470.362037401734,2016-07-06
-75952.76535919988,2016-07-07
34084.39132099784,2016-07-08
104791.7843024012,2016-07-11
-55922.513385100756,2016-07-12
-46252.28811130078,2016-07-13
-44703.28031059891,2016-07-14
-59159.624745600486,2016-07-15
-57015.08047310093,2016-07-18
-28955.276920098408,2016-07-19
28926.60506949892,2016-07-20
-79912.65629179859,2016-07-21
-59794.18057710086,2016-07-22
54385.73642529903,2016-07-25
-106590.0617887987,2016-07-26
-23442.0079123001,2016-07-27
-1996.4975897019315,2016-07-28
-94273.80471859903,2016-07-29
-17575.80511099975,2016-08-01
-26964.507992500618,2016-08-02
-12013.238442797758,2016-08-03
-19354.172207102663,2016-08-04
36054.95865140167,2016-08-05
16304.79543979854,2016-08-08
-9275.85924960117,2016-08-09
-58511.70067719743,2016-08-10
64959.44997459943,2016-08-11
153065.6711778022,2016-08-12
-96745.465366602,2016-08-15
-7691.47903419982,2016-08-16
-98260.19863949959,2016-08-17
-33631.80700470085,2016-08-18
-72098.37521260044,2016-08-19
-7594.767892996675,2016-08-22
-48139.48764240133,2016-08-23
-36494.78116100122,2016-08-24
-32275.703339096537,2016-08-25
-51557.7221118031,2016-08-26
-38260.01348730126,2016-08-29
-24486.44355179844,2016-08-30
-52635.04116449908,2016-08-31
-10710.323488102536,2016-09-01
-30269.68011019753,2016-09-02
-24771.342380201917,2016-09-05
-23659.215472200427,2016-09-06
-30986.361738800664,2016-09-07
-54291.39322999765,2016-09-08
-96085.90880840093,2016-09-09
-7420.724453799201,2016-09-12
-82807.01695599969,2016-09-13
-4464.769543999455,2016-09-14
-41882.97338390377,2016-09-19
-38742.56631749924,2016-09-20
24283.94828450349,2016-09-21
-52518.56831280182,2016-09-22
-99256.4580483012,2016-09-23
12475.788677502183,2016-09-26
-5495.074218499274,2016-09-27
49139.95197809743,2016-09-28
-17532.285486499874,2016-09-29
53736.16334239984,2016-09-30
-9327.595372797343,2016-10-10
-56891.35637030312,2016-10-11
-28640.77201539766,2016-10-12
-7811.781672602143,2016-10-13
-51580.96155209893,2016-10-14
50201.870462198225,2016-10-17
-34883.58356759954,2016-10-18
-15349.262181798062,2016-10-19
-13659.756129901463,2016-10-20
111208.27090580139,2016-10-21
-28792.16859870308,2016-10-24
-71476.60720419789,2016-10-25
-58197.60808720021,2016-10-26
785.470333900548,2016-10-27
-30642.924904000574,2016-10-28
7943.50461900058,2016-10-31
-74123.5158775993,2016-11-01
25711.992584299936,2016-11-02
-6107.9664618986335,2016-11-03
32805.536289894764,2016-11-04
-48797.883070396245,2016-11-07
-76209.12278669889,2016-11-08
31549.86125479714,2016-11-09
20843.123030599156,2016-11-10
-33207.792459095865,2016-11-11
-56418.16154000325,2016-11-14
-24061.768932297477,2016-11-15
-21744.467940502218,2016-11-16
-97544.69673789655,2016-11-17
-16643.892980000917,2016-11-18
1601.946969797832,2016-11-21
-44674.48227549974,2016-11-22
-4870.108227198398,2016-11-23
12774.713112598522,2016-11-24
-15737.936487599716,2016-11-25
19851.72739699769,2016-11-28
-115276.14290499568,2016-11-29
16726.685231799795,2016-11-30
-33720.58522960276,2016-12-01
-95834.59642389962,2016-12-02
-11030.202128798393,2016-12-05
1601.5461560005813,2016-12-06
-24891.45379290301,2016-12-07
8284.99379210145,2016-12-08
-79839.60439700099,2016-12-09
-59410.633871601654,2016-12-12
-80933.12403029694,2016-12-13
-141131.34173470442,2016-12-14
-35239.467251695525,2016-12-15
-28996.517905301338,2016-12-16
-82014.93644289997,2016-12-19
-18501.172613299008,2016-12-20
-70494.63205920071,2016-12-21
-72811.68335369776,2016-12-22
-13564.949506204563,2016-12-23
-43548.81542769726,2016-12-26
-51669.006711898925,2016-12-27
-39861.00850860005,2016-12-28
68391.9795367979,2016-12-29
17724.18853270139,2016-12-30
13479.811029599203,2017-01-03
-29283.218132298316,2017-01-04
-44922.0060375015,2017-01-05
-906.8762364996835,2017-01-06
8035.344861899437,2017-01-09
-22952.46313459906,2017-01-10
-47073.356212200226,2017-01-11
31461.232041600197,2017-01-12
54762.27054799827,2017-01-13
-37473.495310696955,2017-01-16
7099.051145697489,2017-01-17
-52309.55267179875,2017-01-18
14429.282662599124,2017-01-19
-27500.479368097807,2017-01-20
12474.777316697844,2017-01-23
-29000.907841599073,2017-01-24
-29505.936238802446,2017-01-25
-93257.37905029573,2017-01-26
-41549.17830720049,2017-02-03
-56242.06722270175,2017-02-06
-134.3567437012254,2017-02-07
-25128.036558898315,2017-02-08
20546.28684889787,2017-02-09
4634.509359302561,2017-02-10
-37701.08552180076,2017-02-13
-47101.44520939913,2017-02-14
12812.50786029987,2017-02-15
-108841.85517730174,2017-02-16
43030.63660519913,2017-02-17
-9268.316133601986,2017-02-20
-6442.189588999162,2017-02-21
-71771.95912389782,2017-02-22
-62072.65690929723,2017-02-23
-58547.17234530282,2017-02-24
-20593.76599189952,2017-02-27
-39137.03429340227,2017-02-28
-57982.91537449607,2017-03-01
-56269.62594979996,2017-03-02
6162.193795497819,2017-03-03
-1893.4234300026692,2017-03-06
-26309.383459497578,2017-03-07
-71897.81238440193,2017-03-08
-54031.89024649635,2017-03-09
18667.497671398945,2017-03-10
-12510.153710902205,2017-03-13
-13699.095690998069,2017-03-14
-4626.964423399317,2017-03-15
-123282.40123160115,2017-03-16
55908.35598530018,2017-03-17
65522.99130399997,2017-03-20
-76471.034074402,2017-03-21
-35447.59366569911,2017-03-22
5158.277630800642,2017-03-23
-54505.96395479692,2017-03-24
-61963.008486202496,2017-03-27
-31580.409289699382,2017-03-28
-70837.45413930004,2017-03-29
-9517.311026200638,2017-03-30
56299.22285839876,2017-03-31
1039.375317300587,2017-04-05
-41858.73811099864,2017-04-06
23728.81881330276,2017-04-07
-28158.16645220138,2017-04-10
-34700.80937900343,2017-04-11
-56650.00731689807,2017-04-12
-39911.75368549961,2017-04-13
-24118.667916901493,2017-04-14
-10507.713411401182,2017-04-17
-67471.4600816982,2017-04-18
13120.190723100419,2017-04-19
-1396.7775536985146,2017-04-20
-37658.53826980233,2017-04-21
-14433.865972498445,2017-04-24
-46001.46826569856,2017-04-25
-9922.444999403479,2017-04-26
-61662.89758670062,2017-04-27
-68920.7871502984,2017-04-28
-8448.053511100274,2017-05-02
-64926.58030770059,2017-05-03
-91156.8516387986,2017-05-04
-117.79890680048698,2017-05-05
-43161.87952250197,2017-05-08
-78214.45265449614,2017-05-09
11488.394619996961,2017-05-10
80855.34824580199,2017-05-11
61214.948751099066,2017-05-12
-42021.32419210149,2017-05-15
-106335.94494579847,2017-05-16
-99402.02929719893,2017-05-17
-2235.152076099277,2017-05-18
36350.871530599805,2017-05-19
107038.66417199846,2017-05-22
-70094.72701379957,2017-05-23
103634.80133509933,2017-05-24
-36058.934132898605,2017-05-25
-32662.462546201536,2017-05-26
10637.600343102233,2017-05-31
-66549.4862832017,2017-06-01
-74163.25422559914,2017-06-02
5019.485238998412,2017-06-05
26461.550191198057,2017-06-06
18158.670278003603,2017-06-07
-12349.648735799785,2017-06-08
-48768.29927170181,2017-06-09
-20959.234621497013,2017-06-12
-139426.52981420432,2017-06-13
-63906.709703096465,2017-06-14
-55049.212063600295,2017-06-15
28235.274952701926,2017-06-16
-36844.06632370179,2017-06-19
40126.53235660163,2017-06-20
-11532.547838702878,2017-06-21
63798.35156439982,2017-06-22
3853.7851657023975,2017-06-23
-31793.69182750251,2017-06-26
-130758.87429279761,2017-06-27
27443.92743989762,2017-06-28
-19044.40752359908,2017-06-29
-108695.09701280198,2017-06-30
-112453.36708579917,2017-07-03
45861.09900240005,2017-07-04
-45064.24920950076,2017-07-05
-6453.105643196953,2017-07-06
-29966.508653798985,2017-07-07
-33187.8184630041,2017-07-10
-78353.79330779702,2017-07-11
23935.59625259799,2017-07-12
-14617.504282501968,2017-07-13
-103766.8619381,2017-07-14
-80178.64508809654,2017-07-17
100553.26929999645,2017-07-18
-58387.54472799665,2017-07-19
-116513.7191000011,2017-07-20
-26363.124016199872,2017-07-21
-46107.464895699915,2017-07-24
2505.367612599344,2017-07-25
17014.249140000677,2017-07-26
26225.469990298618,2017-07-27
23615.2828534023,2017-07-28
-24583.864630400745,2017-07-31
-13949.288240598038,2017-08-01
-89452.89200430308,2017-08-02
-74735.58334139678,2017-08-03
50783.02969549795,2017-08-04
-9115.021262697568,2017-08-07
-21326.679923100575,2017-08-08
-39432.42326349932,2017-08-09
-205986.66455440322,2017-08-10
71775.0598115016,2017-08-11
-817.2349843973968,2017-08-14
-80999.4025205033,2017-08-15
-23605.569609998398,2017-08-16
-72504.5106357996,2017-08-17
-25615.863030200217,2017-08-18
-33804.88681670208,2017-08-21
-34239.849932797246,2017-08-22
-52569.0713774021,2017-08-23
82568.54819319752,2017-08-24
22958.13824850221,2017-08-25
-68664.25310549817,2017-08-28
-12755.705450603662,2017-08-29
-64919.97478409804,2017-08-30
-65817.82238919819,2017-08-31
71402.8373912973,2017-09-01
-89452.98117229919,2017-09-04
-74312.92849809947,2017-09-05
-152401.38776539915,2017-09-06
-23525.261666801805,2017-09-07
-57774.595605501905,2017-09-08
14359.835602202931,2017-09-11
-24984.006722602076,2017-09-12
-117374.06333219787,2017-09-13
-123789.28097009938,2017-09-14
-44164.0506227015,2017-09-15
-64617.29555069883,2017-09-18
-10955.194966301033,2017-09-19
-49836.67875990056,2017-09-20
-16261.437352198294,2017-09-21
-13406.86030180229,2017-09-22
-41845.32893349759,2017-09-25
-74028.32554230462,2017-09-26
-54690.627331397496,2017-09-27
-28525.90154750006,2017-09-28
-7522.306336998932,2017-09-29
487.74622310262214,2017-10-09
-12872.02163860221,2017-10-10
-47298.08784510104,2017-10-11
-31938.479199599795,2017-10-12
94017.89464469827,2017-10-13
-111339.46758029629,2017-10-16
76985.62981639929,2017-10-17
-50884.540045902184,2017-10-18
-20472.842493801243,2017-10-19
-67852.80214359966,2017-10-20
-2871.1789607982882,2017-10-23
-16054.9875814988,2017-10-24
-50693.11510500003,2017-10-25
78423.23969139816,2017-10-26
-72326.02033200201,2017-10-27
-120293.04648519872,2017-10-30
-87177.4734337962,2017-10-31
-27606.732176302692,2017-11-01
-61027.92856449762,2017-11-02
3541.268219499613,2017-11-03
15497.680471500937,2017-11-06
-86347.94904110522,2017-11-07
46722.195324002,2017-11-08
-94664.1973808982,2017-11-09
8773.042714699144,2017-11-10
-40585.98279109893,2017-11-13
-43530.78895210216,2017-11-14
-49002.238571403235,2017-11-15
-4093.2443282968457,2017-11-16
-18447.783147899216,2017-11-17
235.98650020191144,2017-11-20
131008.465471996,2017-11-21
-343193.0308705977,2017-11-22
-59185.30956690055,2017-11-23
-130167.37870279897,2017-11-24
-44010.958136601985,2017-11-27
28735.809958401438,2017-11-28
-103151.96089969864,2017-11-29
-103399.86707580171,2017-11-30
11920.177687901663,2017-12-01
21323.84830959707,2017-12-04
-123267.52110969635,2017-12-05
-172474.58741450214,2017-12-06
-22037.85365489865,2017-12-07
115597.23672709888,2017-12-08
-143809.55145710162,2017-12-11
33463.081344199854,2017-12-12
-103572.45402459736,2017-12-13
-211400.66426340005,2017-12-14
14519.95078529938,2017-12-15
49844.230346596145,2017-12-18
-84783.47714719629,2017-12-19
45363.7978949003,2017-12-20
-36222.70034520005,2017-12-21
-78614.85969739943,2017-12-22
-43257.387187801854,2017-12-25
-135618.92441299706,2017-12-26
66021.83019679772,2017-12-27
-49226.50126640074,2017-12-28
109358.12755740025,2017-12-29
-1197.0497683996336,2018-01-02
17115.124673001945,2018-01-03
19802.330279698792,2018-01-04
94562.26395130053,2018-01-05
33774.31219050165,2018-01-08
17750.020091296316,2018-01-09
-98462.72960319812,2018-01-10
-7940.074183898785,2018-01-11
-97978.32997330115,2018-01-12
33931.188881801,2018-01-15
-13439.103574700766,2018-01-16
57860.06549189532,2018-01-17
38515.11290570204,2018-01-18
69992.68027910216,2018-01-19
76802.08587889836,2018-01-22
4764.61797700468,2018-01-23
-106002.56320499844,2018-01-24
14749.454549590004,2018-01-25
-144879.77351859506,2018-01-26
-181302.36268400017,2018-01-29
-2546.8278914981634,2018-01-30
-124607.01071620015,2018-01-31
139819.62151760448,2018-02-01
33114.13599038951,2018-02-02
-348553.5909225979,2018-02-05
-341542.5566721005,2018-02-06
-216243.86754219863,2018-02-07
-382351.29606240056,2018-02-08
21472.84452210334,2018-02-09
57944.878609698215,2018-02-12
16977.819994800797,2018-02-13
90566.55899079758,2018-02-14
-3399.8878732971148,2018-02-22
17544.09089700011,2018-02-23
-235288.13485140234,2018-02-26
-163499.9349108002,2018-02-27
-11722.423557199083,2018-02-28
-85703.16692639943,2018-03-01
51345.277756700685,2018-03-02
101292.18083619913,2018-03-05
-65936.20721620134,2018-03-06
38232.068740203904,2018-03-07
-47728.524223002954,2018-03-08
-29564.95370689941,2018-03-09
-134770.92619020102,2018-03-12
-45150.80459130125,2018-03-13
39673.809575803505,2018-03-14
-179095.33887850193,2018-03-15
-28489.360837596738,2018-03-16
116467.96023150004,2018-03-19
-46192.52864120493,2018-03-20
-62058.587373400485,2018-03-21
-257429.1319817962,2018-03-22
-135030.681692201,2018-03-23
-41892.874631598956,2018-03-26
-202581.14880000197,2018-03-27
-43572.30276680092,2018-03-28
26653.840147900515,2018-03-29
-41007.6389392984,2018-03-30
-142615.990880899,2018-04-02
-87816.80907169994,2018-04-03
69281.9084228968,2018-04-04
165482.8778904021,2018-04-09
-49429.6575793001,2018-04-10
-17153.745222998765,2018-04-11
-133626.71959110216,2018-04-12
-206933.1949001003,2018-04-13
-149913.01757259815,2018-04-16
56460.2968555991,2018-04-17
67713.25612420033,2018-04-18
-123347.18100039884,2018-04-19
13691.593170298564,2018-04-20
107629.99572309926,2018-04-23
-74340.77068559696,2018-04-24
-98670.53266930148,2018-04-25
114840.12968849782,2018-04-26
-34170.622233597715,2018-04-27
21310.39803239875,2018-05-02
-24807.244106397542,2018-05-03
107848.12710559854,2018-05-04
-44390.62559890094,2018-05-07
-65535.561787799015,2018-05-08
57471.85550480026,2018-05-09
-135516.8020976014,2018-05-10
94175.78879259952,2018-05-11
-29709.503272799717,2018-05-14
1879.059482996001,2018-05-15
-99521.77179349691,2018-05-16
76651.22205830227,2018-05-17
2498.6184725942817,2018-05-18
24070.55580410416,2018-05-21
-140646.08105009925,2018-05-22
-92299.22739460137,2018-05-23
-30778.234974900126,2018-05-24
99009.74875280527,2018-05-25
-346859.8875373041,2018-05-28
-401859.8623289972,2018-05-29
118476.32841079871,2018-05-30
-164595.2729498997,2018-05-31
36249.79520889936,2018-06-01
96331.90007800015,2018-06-04
-76632.23066270186,2018-06-05
-58340.66788009987,2018-06-06
-109420.42063459825,2018-06-07
-126742.84742969976,2018-06-08
36901.4584141967,2018-06-11
-102231.34761589846,2018-06-12
-67330.47205449991,2018-06-13
-88612.21999599968,2018-06-14
-86982.54065430246,2018-06-15
-87344.90547809526,2018-06-19
-53636.41249080048,2018-06-20
374.9279991971953,2018-06-21
-144250.12598769748,2018-06-22
-128218.33916400398,2018-06-25
-221570.55713119605,2018-06-26
-45159.65489310139,2018-06-27
154904.5095614993,2018-06-28
-210857.05862380035,2018-06-29
-84736.81508089822,2018-07-02
-118550.67707589938,2018-07-03
-10460.417226601043,2018-07-04
-32486.346633501256,2018-07-05
100635.77340240081,2018-07-06
20290.094534203483,2018-07-09
-160561.5828768042,2018-07-10
141994.39271400135,2018-07-11
-12575.889023902344,2018-07-12
-288.64200999723937,2018-07-13
-132660.81576600124,2018-07-16
-102390.87360199814,2018-07-17
-132350.1716853036,2018-07-18
117368.2188076021,2018-07-19
-65682.84732500029,2018-07-20
133838.86885360145,2018-07-23
-35023.14881030017,2018-07-24
-59719.98036300041,2018-07-25
-89608.67455819962,2018-07-26
-95947.07892840008,2018-07-27
-24206.105431599546,2018-07-30
-256925.74568460105,2018-07-31
-147941.86111890106,2018-08-01
-166911.1210561988,2018-08-02
-291741.2180434983,2018-08-03
241295.88500349585,2018-08-06
-172659.42516649715,2018-08-07
121184.26780249552,2018-08-08
-22171.784100196226,2018-08-09
-112092.15924299938,2018-08-10
-82165.87826690024,2018-08-13
-251923.27533160348,2018-08-14
-60264.83999999593,2018-08-15
-149410.07457210036,2018-08-16
-50051.54423569926,2018-08-17
64342.60290079821,2018-08-20
-75393.63503459787,2018-08-21
7533.633004499351,2018-08-22
-14621.57419420237,2018-08-23
216945.16074430285,2018-08-24
-62491.911635697375,2018-08-27
-76693.83147830298,2018-08-28
-150359.05637640064,2018-08-29
-56169.03466569973,2018-08-30
-70378.69215390131,2018-08-31
73256.90626820241,2018-09-03
-210139.21114820082,2018-09-04
-71941.23554050227,2018-09-05
43991.51875389986,2018-09-06
-249051.80421419957,2018-09-07
-59167.8309002966,2018-09-10
-123920.37131790613,2018-09-11
34491.80350400281,2018-09-12
-39424.011979997966,2018-09-13
-170029.65542979847,2018-09-14
125333.17041879673,2018-09-17
82767.66726250088,2018-09-18
-54861.69755950061,2018-09-19
266222.36131969973,2018-09-20
-106037.84885449863,2018-09-21
96374.19660750033,2018-09-25
815.3854667004013,2018-09-26
50653.334137600505,2018-09-27
-363674.23353570024,2018-09-28
-21573.965932398572,2018-10-08
-12362.820879804065,2018-10-09
-381432.3868976991,2018-10-10
88440.42326220099,2018-10-11
-141343.1963426008,2018-10-12
-130555.81694699943,2018-10-15
-11230.62164909938,2018-10-16
-256351.65686310086,2018-10-17
189274.72590730005,2018-10-18
319918.36386879685,2018-10-19
-227044.60808209603,2018-10-22
67884.54112149925,2018-10-23
-4723.037825102081,2018-10-24
-90279.4131869976,2018-10-25
-316474.3604716988,2018-10-26
61833.29045469967,2018-10-29
128588.81411749832,2018-10-30
24490.812406401103,2018-10-31
218349.33815459922,2018-11-01
-105045.62832350122,2018-11-02
-30358.252298398394,2018-11-05
-100331.18502970054,2018-11-06
-42718.125130600056,2018-11-07
-129825.70672719774,2018-11-08
-4191.839537101515,2018-11-09
10374.101685798623,2018-11-12
-179641.6190523979,2018-11-13
32318.051384796316,2018-11-14
-5018.09450989916,2018-11-15
112680.96808350204,2018-11-16
-219067.65699290263,2018-11-19
-25514.171785796018,2018-11-20
-66126.11307360105,2018-11-21
-137602.6228796005,2018-11-22
-74775.09872680032,2018-11-23
-76992.40332840047,2018-11-26
28528.437889200548,2018-11-27
-124854.92947610145,2018-11-28
50410.37539370041,2018-11-29
195205.69064690132,2018-11-30
-33216.4266107996,2018-12-03
-44538.49758880222,2018-12-04
-236813.90624859804,2018-12-05
-24881.99815420242,2018-12-06
-113285.31657259876,2018-12-07
56169.53339000169,2018-12-10
-48674.21961799996,2018-12-11
65106.64114870072,2018-12-12
-153277.24266490308,2018-12-13
-85804.22014789817,2018-12-14
-126730.63640750294,2018-12-17
-186771.84373269853,2018-12-18
-98038.78366009689,2018-12-19
-153489.87579500297,2018-12-20
7038.859536702806,2018-12-21
-104240.39153640279,2018-12-24
-94798.82065779982,2018-12-25
-36927.20916189883,2018-12-26
-38739.85730390211,2018-12-27
-157351.34849519786,2018-12-28
-73476.47938340095,2019-01-02
165014.2075383011,2019-01-03
-25377.106820601675,2019-01-04
-28047.485174499634,2019-01-07
34543.42377240185,2019-01-08
-53692.13261100113,2019-01-09
31287.055027801387,2019-01-10
-62943.3962281013,2019-01-11
114548.12788560084,2019-01-14
-29235.264351800553,2019-01-15
-112140.38066270197,2019-01-16
177687.15560800312,2019-01-17
3670.647246099109,2019-01-18
-147097.94218889944,2019-01-21
11317.331397698563,2019-01-22
28364.254076000914,2019-01-23
33571.574118799894,2019-01-24
535.1163197970814,2019-01-25
-25316.414553597686,2019-01-28
-100268.25850760125,2019-01-29
56966.617784102586,2019-01-30
90426.32909169768,2019-01-31
81427.21715859977,2019-02-01
81016.48396640274,2019-02-11
156594.81383650022,2019-02-12
-40479.76678940268,2019-02-13
-202556.85950159936,2019-02-14
283378.99102189933,2019-02-15
-48395.167254698405,2019-02-18
-11161.739965899742,2019-02-19
-52694.3399742003,2019-02-20
209559.57003899963,2019-02-21
497062.4785340995,2019-02-22
-112460.19617500172,2019-02-25
-114461.00923469783,2019-02-26
-112691.75027439855,2019-02-27
107299.21076449784,2019-02-28
5118.432365902138,2019-03-01
-65580.46841400229,2019-03-04
88341.78615359608,2019-03-05
25594.051397202573,2019-03-06
-423250.2286188998,2019-03-07
80437.66830590412,2019-03-08
-45962.09577360023,2019-03-11
-100053.84672099912,2019-03-12
-101741.52733950461,2019-03-13
101978.31898710424,2019-03-14
239790.93425289993,2019-03-15
-152635.296515802,2019-03-18
10007.361685298905,2019-03-19
34285.43190230063,2019-03-20
-57247.92090950194,2019-03-21
-313548.3201452006,2019-03-22
-210940.69977629848,2019-03-25
92826.50127320053,2019-03-26
-88281.07202949956,2019-03-27
310351.5005958009,2019-03-28
168775.66454179882,2019-03-29
-5051.053543999585,2019-04-01
200604.97934769912,2019-04-02
62472.041417797285,2019-04-03
-109137.59218599694,2019-04-04
-78205.70265130226,2019-04-08
-65675.38759329713,2019-04-09
-232990.80274299835,2019-04-10
-11084.833746103242,2019-04-11
-115751.34239939522,2019-04-12
184718.8121202987,2019-04-15
-63729.08058350244,2019-04-16
-128630.74518399927,2019-04-17
45660.14388769619,2019-04-18
-246719.8533619962,2019-04-19
11443.899987600398,2019-04-22
22267.068375600054,2019-04-23
-199732.91559050325,2019-04-24
-135629.799695995,2019-04-25
-29217.87581620322,2019-04-26
37378.288171403845,2019-04-29
-591363.7084027012,2019-04-30
25288.3618169008,2019-05-06
-198534.083097603,2019-05-07
-220018.01073839818,2019-05-08
257293.4664811009,2019-05-09
-127670.427153503,2019-05-10
-120621.65874339934,2019-05-13
159512.1890735005,2019-05-14
56482.590933903,2019-05-15
-233753.4769893038,2019-05-16
-60388.27541920022,2019-05-17
87410.12923680215,2019-05-20
-80167.63764959956,2019-05-21
-107397.71265630034,2019-05-22
-53222.61314349936,2019-05-23
66329.29515779918,2019-05-24
13865.89115679812,2019-05-27
-45107.401774396596,2019-05-28
-101735.20314210525,2019-05-29
-56288.9099881967,2019-05-30
9947.106182598147,2019-05-31
-138874.71992330035,2019-06-03
-29065.900827598347,2019-06-04
-94035.46897950037,2019-06-05
40976.14134900058,2019-06-06
247403.31151339915,2019-06-10
-81998.18858379945,2019-06-11
-42519.96270080084,2019-06-12
-82458.35423880014,2019-06-13
72810.1628246022,2019-06-14
-39321.23281550256,2019-06-17
12220.953863401217,2019-06-18
251357.95335789953,2019-06-19
14883.079008998517,2019-06-20
34648.68321899906,2019-06-21
-123181.62838259446,2019-06-24
-90593.6768178029,2019-06-25
53447.54853800169,2019-06-26
-56590.182895802835,2019-06-27
113023.24170670162,2019-06-28
-111654.63334339748,2019-07-01
-208666.02751120517,2019-07-02
-47293.70856169295,2019-07-03
2309.425381993743,2019-07-04
-293423.2562308003,2019-07-05
-43080.48919490108,2019-07-08
-30953.900970399776,2019-07-09
-20048.175070997422,2019-07-10
-17699.69313909873,2019-07-11
-44639.60262959928,2019-07-12
-75330.53943990188,2019-07-15
-105012.1850962982,2019-07-16
-109782.30209500159,2019-07-17
40091.56115729766,2019-07-18
-117115.79655979823,2019-07-19
-30895.945016601076,2019-07-22
26748.24542700185,2019-07-23
35688.35144319907,2019-07-24
-74708.02611069927,2019-07-25
-83340.02925069814,2019-07-26
-4332.30616710166,2019-07-29
-69057.37904799984,2019-07-30
-111799.9151671017,2019-07-31
-203723.46350389614,2019-08-01
-171825.07460269984,2019-08-02
-108886.70135780133,2019-08-05
-45008.61530690071,2019-08-06
69148.26222330032,2019-08-07
-141159.33924850295,2019-08-08
79594.1874362993,2019-08-09
-95707.02221599694,2019-08-12
13381.689805098977,2019-08-13
-3251.9280399987492,2019-08-14
24101.157785399115,2019-08-15
230263.1117522031,2019-08-16
-39193.81120010277,2019-08-19
-66299.01776879994,2019-08-20
-35478.530005099645,2019-08-21
32170.437756899257,2019-08-22
-92987.84579940123,2019-08-23
44890.625516201275,2019-08-26
-116231.5457109013,2019-08-27
-84036.59647379503,2019-08-28
3933.8251957948905,2019-08-29
127940.7023338011,2019-08-30
-61718.18849079815,2019-09-02
101793.02918059757,2019-09-03
109953.90466309937,2019-09-04
45544.84802409604,2019-09-05
-23926.96166339351,2019-09-06
-104943.36759510488,2019-09-09
1271.8850178044072,2019-09-10
75813.87244070192,2019-09-11
-99286.23194390371,2019-09-12
-194034.58473139897,2019-09-16
-78084.24589269329,2019-09-17
-3140.905742503316,2019-09-18
-2364.7579807058873,2019-09-19
-156224.15458119646,2019-09-20
-16832.840146799696,2019-09-23
-100336.81423540045,2019-09-24
-111558.43258630048,2019-09-25
-60631.30410539997,2019-09-26
-155936.93842409854,2019-09-27
-40952.72172670259,2019-09-30
-29009.8188822987,2019-10-08
42876.08594029786,2019-10-09
104812.0131299016,2019-10-10
40805.11578870379,2019-10-11
-59131.62448670073,2019-10-14
-47386.76702830344,2019-10-15
-64805.38171869918,2019-10-16
-176746.15051749983,2019-10-17
-65956.54982240013,2019-10-18
16092.37987349877,2019-10-21
-75235.51855829943,2019-10-22
-6745.031224698322,2019-10-23
-16232.621140200285,2019-10-24
27961.365546199137,2019-10-25
-82579.09108489883,2019-10-28
-83546.73288700002,2019-10-29
-22895.501759702143,2019-10-30
73279.46600079873,2019-10-31
9839.156687704302,2019-11-01
18896.44381509621,2019-11-04
-64681.65813829781,2019-11-05
8810.777932897354,2019-11-06
-99054.67998389766,2019-11-07
-192506.98833370165,2019-11-08
-54122.34543480079,2019-11-11
-67407.64106820074,2019-11-12
-51565.40131279912,2019-11-13
-110896.80484209595,2019-11-14
79416.06341479952,2019-11-15
1646.0890089974177,2019-11-18
-146620.6411681023,2019-11-19
-83457.30012359588,2019-11-20
-65551.8131011019,2019-11-21
66201.74682700216,2019-11-22
-54518.11383140117,2019-11-25
-71483.30900920124,2019-11-26
-65463.16406719629,2019-11-27
-81198.75053160277,2019-11-28
-25231.66315209699,2019-11-29
-8613.030302001105,2019-12-02
-41113.76885970233,2019-12-03
26835.329839097205,2019-12-04
-32195.911451995307,2019-12-05
-16985.381441000896,2019-12-06
-29314.404078300286,2019-12-09
-25086.911022398857,2019-12-10
-82338.18304109939,2019-12-11
147919.50211399785,2019-12-12
-1976.9418868993796,2019-12-13
97165.9721517003,2019-12-16
-65551.05409889513,2019-12-17
-55343.00106780654,2019-12-18
-68315.5318095991,2019-12-19
-120427.0773331988,2019-12-20
30464.720516702862,2019-12-23
-15195.955443800749,2019-12-24
70666.80243259668,2019-12-25
-77127.74606339725,2019-12-26
213717.6415682967,2019-12-27
-37140.9697577974,2019-12-30
