account_value,date,daily_return
10000000.0,2012-01-09,
6716241.7399079995,2012-01-10,-0.3283758260092
6710609.628768498,2012-01-11,-0.0008385807654950339
6713290.378927297,2012-01-12,0.0003994793777464256
6685007.233156899,2012-01-13,-0.004213007954963155
6621213.162926098,2012-01-16,-0.009542857323233567
6688662.084224099,2012-01-17,0.010186792002961687
6649949.545129402,2012-01-18,-0.005787785151533553
6682339.435001001,2012-01-19,0.004870697086013509
6715350.356146302,2012-01-20,0.00494002459264431
6690748.963188703,2012-01-30,-0.0036634563578774593
6703742.361208803,2012-01-31,0.0019419945497263225
6688951.918325804,2012-02-01,-0.0022062964365372473
6717767.955948205,2012-02-02,0.004308004897367157
6727459.842663106,2012-02-03,0.0014427242468713075
6740154.825915905,2012-02-06,0.0018870396181769333
6713189.078679007,2012-02-07,-0.0040007608034781095
6757952.053534307,2012-02-08,0.0066679151042337015
6763245.042623205,2012-02-09,0.0007832238297889038
6764121.7245151065,2012-02-10,0.0001296244460131657
6774416.335384907,2012-02-13,0.0015219434671747134
6771415.525854607,2012-02-14,-0.00044296207698746315
6787744.027377706,2012-02-15,0.0024113867271553513
6773680.725950406,2012-02-16,-0.0020718667896987286
6770078.343771705,2012-02-17,-0.0005318204864454001
6770141.954778006,2012-02-20,9.395904016384904e-06
6786488.578070208,2012-02-21,0.002414517066464894
6809140.9580106065,2012-02-22,0.003337864593715878
6818438.65164811,2012-02-23,0.0013654723400262636
6847100.017279108,2012-02-24,0.004203508617631968
6866653.939963507,2012-02-27,0.00285579626923127
6881465.901672107,2012-02-28,0.002157085800173597
6880414.720199206,2012-02-29,-0.00015275545761928022
6866924.132562506,2012-03-01,-0.001960723035647094
6886475.590644506,2012-03-02,0.0028471929650843997
6874758.051339004,2012-03-05,-0.0017015292004258775
6839117.3151755035,2012-03-06,-0.0051842895266051015
6815456.949090801,2012-03-07,-0.003459564296726114
6855237.774678701,2012-03-08,0.005836853770047945
6903367.0403369,2012-03-09,0.007020801792751108
6902965.381521901,2012-03-12,-5.8183030491099075e-05
6919649.749201503,2012-03-13,0.0024169855645319593
6877847.6813809015,2012-03-14,-0.006041067009992074
6873653.050255902,2012-03-15,-0.0006098755481827034
6944519.744992301,2012-03-16,0.010309902786518998
6952060.061988101,2012-03-19,0.0010857938738295658
6922481.451698602,2012-03-20,-0.004254654019925197
6907306.326713103,2012-03-21,-0.0021921510503687403
6888812.4105565045,2012-03-22,-0.0026774425922121425
6900321.971192906,2012-03-23,0.0016707612213047174
6928932.785804806,2012-03-26,0.004146301394535534
6892505.632144005,2012-03-27,-0.005257253142277429
6840225.962261006,2012-03-28,-0.007585002127410201
6825942.0804009065,2012-03-29,-0.0020882178365023707
6820078.544853307,2012-03-30,-0.0008590075155244792
6919625.210510108,2012-04-05,0.014596117185764923
6925773.006396509,2012-04-06,0.0008884579293491068
6921152.33695841,2012-04-09,-0.0006671702110119249
6917024.955065809,2012-04-10,-0.0005963431653658313
6960423.600532409,2012-04-12,0.006274177952013238
6987845.855998309,2012-04-13,0.003939739452610835
6964576.035493008,2012-04-16,-0.0033300420451213286
6924817.89505641,2012-04-17,-0.005708623214676911
6974467.0198194105,2012-04-18,0.007169737242974206
6948429.007106312,2012-04-19,-0.003733333692611418
6976015.371688511,2012-04-20,0.00397015851410254
6954592.954163611,2012-04-23,-0.003070867305115299
6936191.677739812,2012-04-24,-0.0026459171004080684
6974684.647552912,2012-04-25,0.0055495827683993415
6983319.836146911,2012-04-26,0.0012380758457699592
7037243.167080411,2012-04-27,0.00772173295778078
7127653.072867912,2012-05-02,0.012847347127413533
7134219.20951551,2012-05-03,0.000921220011758539
6972694.236650713,2012-05-04,-0.02264087605401277
6987347.715211811,2012-05-07,0.0021015518627038876
6993326.0455694115,2012-05-08,0.0008555936531662311
6935578.06995381,2012-05-09,-0.00825758376476482
6936481.971373111,2012-05-10,0.000130328201944252
6918169.014051611,2012-05-11,-0.0026400929746632773
6876671.08565411,2012-05-14,-0.005998397598152572
6887078.631722811,2012-05-15,0.001513457011258268
6848007.68085171,2012-05-16,-0.0056730804104856425
6882884.964607712,2012-05-17,0.005093055583673678
6842446.422562409,2012-05-18,-0.005875231425955918
6908201.68506431,2012-05-21,0.00960990535272277
6968550.83643771,2012-05-22,0.008735869930357687
6985713.447297909,2012-05-23,0.0024628665648041004
6908097.10785501,2012-05-24,-0.011110724771128622
6870748.105269412,2012-05-25,-0.0054065543669225
6969396.806881811,2012-05-28,0.014357781729291252
7000641.09532371,2012-05-29,0.004483069239370474
7007530.05202431,2012-05-30,0.0009840465475658977
7043987.092595611,2012-05-31,0.0052025521547023335
7089664.399860811,2012-06-01,0.006484581340760132
7017050.948442811,2012-06-04,-0.010242156373357458
7060286.625989011,2012-06-05,0.0061615168343325255
7027008.466804712,2012-06-06,-0.00471342892253146
7020141.702290909,2012-06-07,-0.0009771959926107021
7004526.681956209,2012-06-08,-0.0022243169720640443
7047025.424978609,2012-06-11,0.006067325452821404
7059899.142465809,2012-06-12,0.0018268300042694197
7134764.597803509,2012-06-13,0.010604323635075463
7152906.862086009,2012-06-14,0.0025427978784451355
7120641.921071209,2012-06-15,-0.004510745300742025
7125239.578527112,2012-06-18,0.0006456801938456991
7120353.19929441,2012-06-19,-0.000685784552063029
7078314.07565151,2012-06-20,-0.005904078416652969
7019540.185809512,2012-06-21,-0.008303374110534723
6958243.853839611,2012-06-25,-0.008732243187924982
6894256.534291111,2012-06-26,-0.009195900703191207
6896760.290693911,2012-06-27,0.00036316554081605723
6831700.217227809,2012-06-28,-0.009433425365513948
6892897.245630011,2012-06-29,0.008957803541771225
6974901.87995061,2012-07-02,0.011896976176830165
7050502.461063709,2012-07-03,0.01083894546680475
7089893.73478161,2012-07-04,0.005587016519097432
7029429.483873108,2012-07-05,-0.008528230911540424
7163075.99711011,2012-07-06,0.01901242676146242
7123958.83405231,2012-07-09,-0.005460944861339079
7061136.855148309,2012-07-10,-0.008818408467454075
7201391.834290308,2012-07-11,0.019862945871065962
7220419.88889811,2012-07-12,0.0026422745832546113
7270266.02254641,2012-07-13,0.006903495145059502
7191623.355599909,2012-07-16,-0.01081702742411561
7089015.754352808,2012-07-17,-0.014267655044421068
7004309.410188008,2012-07-18,-0.011948956963847679
7027764.455350709,2012-07-19,0.003348659202373927
6969871.418454208,2012-07-20,-0.008237759996697513
6928521.930879306,2012-07-23,-0.005932604074362247
7003444.963323308,2012-07-24,0.010813710801734322
7022256.927493309,2012-07-25,0.002686101521253814
6952926.27614451,2012-07-26,-0.009872986999002742
6925485.300668609,2012-07-27,-0.0039466800575824745
6907357.712215807,2012-07-30,-0.0026175188691905937
6881068.801673407,2012-07-31,-0.0038059286398195447
6897362.374355808,2012-08-01,0.0023678839947711694
6909325.8759516105,2012-08-02,0.0017345038503824295
6965508.713071811,2012-08-03,0.008131449888005626
7034823.007874208,2012-08-06,0.009951074308803598
7059089.79753011,2012-08-07,0.003449523837165458
7030435.492962312,2012-08-08,-0.0040592066951498085
7156807.46430801,2012-08-09,0.01797498483162263
7019813.617649211,2012-08-10,-0.019141753825571928
6953462.5940570105,2012-08-13,-0.00945196371387702
6928965.68786671,2012-08-14,-0.0035229795025053523
6857652.595212111,2012-08-15,-0.010292025659684678
6800037.61693941,2012-08-16,-0.008401559786351265
6714473.018333812,2012-08-17,-0.012582959598995358
6723045.452795911,2012-08-20,0.0012767099426405082
6780764.017880211,2012-08-21,0.008585181446348233
6702647.924908909,2012-08-22,-0.01152024945350072
6675904.64129511,2012-08-23,-0.00398995798577062
6696405.531553612,2012-08-24,0.003070878234492813
6578614.175937111,2012-08-27,-0.01759023629340639
6568860.442845009,2012-08-28,-0.0014826425188115833
6469821.160640712,2012-08-29,-0.0150770872765571
6430466.291133411,2012-08-30,-0.0060828373041772466
6429216.112326711,2012-08-31,-0.0001944149537683737
6486636.427115211,2012-09-03,0.008931153314073237
6589127.27467831,2012-09-04,0.015800307095164223
6625366.836711211,2012-09-05,0.005499903177188292
6629179.015976809,2012-09-06,0.0005753914250414827
6889672.4692088105,2012-09-07,0.03929497945434779
6888094.435162209,2012-09-10,-0.00022904340571394677
6839824.606166709,2012-09-11,-0.007007718818297981
6855560.239338308,2012-09-12,0.0023005901580299692
6820611.374038309,2012-09-13,-0.00509788610702544
6890883.59410941,2012-09-14,0.010302920987198094
6744651.499775611,2012-09-17,-0.021221094847517663
6717958.68450631,2012-09-18,-0.003957627057556423
6705567.41884211,2012-09-19,-0.001844498641049741
6594395.099845511,2012-09-20,-0.016579106890225792
6635587.2290781075,2012-09-21,0.006246536431152139
6688115.701934312,2012-09-24,0.007916175470652709
6734090.827902008,2012-09-25,0.006874152304870984
6679229.98382571,2012-09-26,-0.008146733609381673
6834718.218690811,2012-09-27,0.023279365322294465
6964617.32928171,2012-09-28,0.019005774113066698
6874288.373118413,2012-10-08,-0.012969694082619942
7017643.672978806,2012-10-09,0.020853838547270964
7001527.324235107,2012-10-10,-0.0022965470312713565
6940582.901344207,2012-10-11,-0.00870444691116845
6958649.034367809,2012-10-12,0.002602970568956531
6968005.242102811,2012-10-15,0.0013445437022032714
7031893.370157808,2012-10-16,0.009168783006787251
7029433.308444009,2012-10-17,-0.0003498434325297506
7133122.084508809,2012-10-18,0.014750659336968841
7135378.5521336105,2012-10-19,0.0003163366052154615
7109335.836607009,2012-10-22,-0.0036498015257808714
6942832.597968211,2012-10-23,-0.023420364780272207
6909498.1666895095,2012-10-24,-0.004801272507773957
6884451.71556801,2012-10-25,-0.003624930569089413
6760177.63801821,2012-10-26,-0.018051412470331485
6718467.422696311,2012-10-29,-0.006169988061752618
6740149.486192211,2012-10-30,0.0032272335536900343
6802649.983192512,2012-10-31,0.009272865109051232
6928519.242512011,2012-11-01,0.018502974521765525
6937815.42007341,2012-11-02,0.0013417264549631103
6864837.698079812,2012-11-05,-0.010518833029551145
6828712.263384507,2012-11-06,-0.005262387296557702
6859442.123500308,2012-11-07,0.004500095908356538
6787111.697847609,2012-11-08,-0.010544651350712031
6770826.914203308,2012-11-09,-0.002399368740235386
6705858.461816611,2012-11-12,-0.009595349757119176
6615325.16655371,2012-11-13,-0.013500627216992522
6693799.726553709,2012-11-14,0.011862540090509466
6616721.9665537095,2012-11-15,-0.011514799239397466
6563353.24655371,2012-11-16,-0.008065734100626942
6417155.006553707,2012-11-19,-0.022274930894016554
6393953.16655371,2012-11-20,-0.003615596004195254
6468631.96655371,2012-11-21,0.011679597590836366
6403112.966553711,2012-11-22,-0.010128725878789768
6498199.486553711,2012-11-23,0.014850045672578194
6435567.486553711,2012-11-26,-0.009638362153947422
6361597.766553711,2012-11-27,-0.011493892365288638
6304434.886553713,2012-11-28,-0.008985616836784893
6306942.446553709,2012-11-29,0.0003977454038495143
6358690.646553707,2012-11-30,0.008204958335758183
6151532.80655371,2012-12-03,-0.03257869450093043
6157153.126553711,2012-12-04,0.000913645456627199
6303445.44655371,2012-12-05,0.023759733921362214
6261172.76655371,2012-12-06,-0.0067062815659191255
6382435.206553711,2012-12-07,0.019367368466139068
6407312.526553713,2012-12-10,0.003897778699650134
6414587.246553709,2012-12-11,0.0011353777375222585
6513844.04655371,2012-12-12,0.015473606669443418
6409628.68655371,2012-12-13,-0.015999056663804634
6608509.2065537125,2012-12-14,0.031028399572851972
6629440.92655371,2012-12-17,0.003167389095749318
6664019.766553709,2012-12-18,0.005215951146271713
6724143.126553707,2012-12-19,0.009022086084100822
6752486.88655371,2012-12-20,0.004215222589191159
6764331.166553709,2012-12-21,0.0017540619032647697
6689228.0865537105,2012-12-24,-0.011102809450156181
6765056.9265537085,2012-12-25,0.01133596268789594
6798688.926553712,2012-12-26,0.004971428971719982
6813685.04655371,2012-12-27,0.002205737041656164
6937841.486553708,2012-12-28,0.018221628847197024
7025244.20655371,2012-12-31,0.012597970156769556
6968854.806553709,2013-01-04,-0.008026681826575621
6954827.006553711,2013-01-07,-0.0020129275740981
7024282.886553711,2013-01-08,0.009986715691784998
7060951.246553711,2013-01-09,0.005220228255640391
7045292.286553709,2013-01-10,-0.002217684197670211
6941312.206553709,2013-01-11,-0.014758802867334775
7105419.52655371,2013-01-14,0.02364211767409885
7151195.846553711,2013-01-15,0.006442451403317007
7071195.646553711,2013-01-16,-0.011186968126254526
7018995.806553711,2013-01-17,-0.007382038711577832
7146299.686553711,2013-01-18,0.018137050300149005
7054567.04655371,2013-01-21,-0.01283638302667367
7011863.046553709,2013-01-22,-0.006053383534126655
7056832.246553711,2013-01-23,0.0064133026702659635
6943929.406553712,2013-01-24,-0.015999082315600766
6927198.24655371,2013-01-25,-0.0024094657391261487
6942190.166553711,2013-01-28,0.0021642111956965415
6936914.166553711,2013-01-29,-0.0007599907051550892
6918534.12655371,2013-01-30,-0.002649598879083781
6866046.966553712,2013-01-31,-0.007586456760912519
6941977.606553711,2013-02-01,0.011058858229469726
6873268.326553711,2013-02-04,-0.00989765221010419
7017627.12655371,2013-02-05,0.021002933850595262
7044718.246553712,2013-02-06,0.003860438793832799
7091118.286553712,2013-02-07,0.0065865004640461855
7226994.646553709,2013-02-08,0.019161485468046413
7083171.046553711,2013-02-18,-0.019900886472716817
6982735.006553711,2013-02-19,-0.014179530515342709
7064375.846553711,2013-02-20,0.011691814156397973
6932425.286553711,2013-02-21,-0.01867830405206583
6929943.566553711,2013-02-22,-0.0003579872695942399
6899586.486553711,2013-02-25,-0.004380566697038346
6833479.16655371,2013-02-26,-0.009581345219577209
6823322.246553712,2013-02-27,-0.0014863468157935156
6931299.606553711,2013-02-28,0.01582474872186146
6931126.726553711,2013-03-01,-2.4941931501043513e-05
6752988.366553712,2013-03-04,-0.02570121237540457
6874976.446553709,2013-03-05,0.018064310698976183
6964451.206553711,2013-03-06,0.013014555132745631
6935940.246553713,2013-03-07,-0.004093784155335567
6882741.88655371,2013-03-08,-0.007669956503220443
6860967.166553708,2013-03-11,-0.003163669415315762
6766054.366553708,2013-03-12,-0.013833734763035621
6722144.366553708,2013-03-13,-0.006489749804118983
6762630.486553712,2013-03-14,0.006022798350098446
6721577.88655371,2013-03-15,-0.0060705076348067655
6611990.982646109,2013-03-18,-0.01630374679237545
6550175.742646109,2013-03-19,-0.009348960118403138
6746833.302646111,2013-03-20,0.03002324940987866
6742816.702646108,2013-03-21,-0.0005953311457135291
6793237.342646112,2013-03-22,0.0074776821354518574
6790530.502646111,2013-03-25,-0.0003984609786865656
6782532.34264611,2013-03-26,-0.0011778402286661827
6812683.222646112,2013-03-27,0.00444537209360929
6695623.662646111,2013-03-28,-0.017182592551915787
6683979.382646113,2013-03-29,-0.0017390881845644746
6616162.422646112,2013-04-01,-0.010146195270451686
6505768.982646111,2013-04-02,-0.01668541866840223
6489399.0226461105,2013-04-03,-0.0025162221473997715
6489753.742646111,2013-04-08,5.466145613208795e-05
6530402.382646111,2013-04-09,0.006263510390677185
6576056.462646106,2013-04-10,0.006991005657065896
6554856.702646108,2013-04-11,-0.0032237801059675775
6563919.9026461085,2013-04-12,0.0013826694329321931
6521869.062646111,2013-04-15,-0.006406360928177368
6522438.702646111,2013-04-16,8.734305986957125e-05
6673092.502646112,2013-04-17,0.023097771687586865
6669526.342646107,2013-04-18,-0.0005344088964135407
6775131.22264611,2013-04-19,0.015833940009314817
6680689.30264611,2013-04-22,-0.013939496800346007
6560302.102646109,2013-04-23,-0.018020176443816593
6671780.542646109,2013-04-24,0.01699288207398797
6685200.822646109,2013-04-25,0.0020114990165245317
6610236.50264611,2013-04-26,-0.011213473160904597
6532113.06264611,2013-05-02,-0.011818554444871565
6608992.182646112,2013-05-03,0.011769410489790078
6715914.302646114,2013-05-06,0.01617827908478353
6814663.262646109,2013-05-07,0.014703725442280824
6882463.462646109,2013-05-08,0.00994916364710785
6912730.582646112,2013-05-09,0.004397716045174027
6963186.542646113,2013-05-10,0.0072989912447429806
6911504.862646109,2013-05-13,-0.007422130612684041
6771494.622646112,2013-05-14,-0.02025756225054487
6810386.74264611,2013-05-15,0.005743506000865706
6881871.0226461105,2013-05-16,0.010496361322973158
6943574.702646109,2013-05-17,0.008966119794595162
6952039.582646108,2013-05-20,0.0012190954029447365
6930968.22264611,2013-05-21,-0.0030309608783870567
6975023.062646111,2013-05-22,0.006356231710319626
6903505.822646111,2013-05-23,-0.01025333383956839
6910944.422646112,2013-05-24,0.0010775104984483974
6901265.102646111,2013-05-27,-0.0014005784749597794
6987528.66264611,2013-05-28,0.012499673424648527
6986757.342646111,2013-05-29,-0.00011038523593076555
6941952.782646111,2013-05-30,-0.00641278318434213
6860396.822646112,2013-05-31,-0.011748273512300011
6881491.382646109,2013-06-03,0.0030748308800978563
6847098.98264611,2013-06-04,-0.004997811969470911
6894115.382646109,2013-06-05,0.006866616083565091
6838993.542646112,2013-06-06,-0.007995491363366192
6694230.9826461105,2013-06-07,-0.021167231566648126
6553442.54264611,2013-06-13,-0.02103130895318306
6627677.222646108,2013-06-14,0.011327585389956596
6709795.262646109,2013-06-17,0.012390168869330642
6831213.662646111,2013-06-18,0.018095693720484585
6894768.702646112,2013-06-19,0.009303623505077407
6710050.302646109,2013-06-20,-0.026791094519111436
6727314.262646109,2013-06-21,0.002572851054960301
6501874.74264611,2013-06-24,-0.03351107309669887
6573350.102646111,2013-06-25,0.010993038597189475
6556110.822646109,2013-06-26,-0.0026226018287176522
6530995.222646111,2013-06-27,-0.003830868739015836
6602463.422646109,2013-06-28,0.010942926393849417
6532318.062646111,2013-07-01,-0.010624119439935686
6652627.382646112,2013-07-02,0.018417553898357752
6561083.502646111,2013-07-03,-0.013760560262070287
6557466.502646114,2013-07-04,-0.0005512808972082395
6592343.142646111,2013-07-05,0.005318615045295738
6472730.0626461115,2013-07-08,-0.01814424361896727
6422191.782646108,2013-07-09,-0.007807876971674954
6499857.822646112,2013-07-10,0.012093385347019758
6650894.262646108,2013-07-11,0.02323688365517329
6573625.222646112,2013-07-12,-0.011617842195141725
6608422.942646109,2013-07-15,0.005293535731261123
6694706.782646112,2013-07-16,0.013056646154287144
6607124.262646112,2013-07-17,-0.013082353394032187
6533467.102646108,2013-07-18,-0.011148142076944145
6343990.742646111,2013-07-19,-0.029000889883299075
6391545.662646111,2013-07-22,0.007496057596730443
6546300.222646112,2013-07-23,0.024212384322688463
6496437.382646109,2013-07-24,-0.007616949773783466
6475772.50264611,2013-07-25,-0.0031809557735753557
6416201.86264611,2013-07-26,-0.009199001350905678
6305045.18264611,2013-07-29,-0.017324373886540734
6284559.462646109,2013-07-30,-0.003249099634747288
6248557.182646111,2013-07-31,-0.005728687939701604
6378962.342646108,2013-08-01,0.020869643373380153
6423752.422646108,2013-08-02,0.007021530712065571
6506778.822646109,2013-08-05,0.012924906586888829
6517107.022646106,2013-08-06,0.0015872984592699702
6502450.222646112,2013-08-07,-0.002248973347999894
6479123.502646109,2013-08-08,-0.0035873738669712774
6548810.622646108,2013-08-09,0.010755640013890622
6726174.0226461105,2013-08-12,0.027083299582167042
6745637.782646107,2013-08-13,0.0028937342290675794
6691896.18264611,2013-08-14,-0.007966867141644185
6630164.702646113,2013-08-15,-0.009224811371115305
6536358.782646109,2013-08-16,-0.014148354408536123
6627469.26264611,2013-08-19,0.013939026762407325
6564571.58264611,2013-08-20,-0.009490452163166574
6584385.0626461115,2013-08-21,0.003018244184034735
6579692.382646109,2013-08-22,-0.0007126982938201465
6521402.9826461105,2013-08-23,-0.008858985589316637
6602840.262646109,2013-08-26,0.012487693248938614
6606021.982646108,2013-08-27,0.0004818714179712913
6521626.622646109,2013-08-28,-0.01277551909783281
6464403.222646108,2013-08-29,-0.00877440603564994
6445051.54264611,2013-08-30,-0.0029935756377642564
6320827.862646109,2013-09-02,-0.019274272545072413
6410071.302646113,2013-09-03,0.014118948014294253
6389219.742646111,2013-09-04,-0.0032529372943782553
6359352.702646108,2013-09-05,-0.004674598965605958
6360387.90264611,2013-09-06,0.00016278386313928195
6454685.622646108,2013-09-09,0.014825781295629392
6491523.542646112,2013-09-10,0.005707159442554177
6518971.582646112,2013-09-11,0.004228289371467353
6506246.182646109,2013-09-12,-0.0019520563694247484
6520881.34264611,2013-09-13,0.0022494015118943445
6497264.862646109,2013-09-16,-0.003621669949052775
6357598.582646109,2013-09-17,-0.021496165379214505
6407750.622646109,2013-09-18,0.007888519438282282
6439602.62264611,2013-09-23,0.004970855121519513
6376275.742646109,2013-09-24,-0.009833973260601425
6315547.502646108,2013-09-25,-0.009524092503377157
6300680.582646108,2013-09-26,-0.002354019187373879
6331018.262646109,2013-09-27,0.004814984603974226
6358792.622646111,2013-09-30,0.004387028886628785
6408335.182646112,2013-10-08,0.007791189765107287
6450301.142646111,2013-10-09,0.006548652466500826
6398912.94264611,2013-10-10,-0.007966790830934656
6437655.542646111,2013-10-11,0.006054559633370982
6427837.902646109,2013-10-14,-0.0015250334434585566
6536202.662646108,2013-10-15,0.01685866408600467
6441982.982646108,2013-10-16,-0.014415048746645898
6438841.0226461105,2013-10-17,-0.0004877318068770009
6446348.98264611,2013-10-18,0.001166042145409829
6584157.782646114,2013-10-21,0.021377806316566605
6510312.342646111,2013-10-22,-0.01121562429664702
6428199.502646109,2013-10-23,-0.0126127343325938
6392963.502646107,2013-10-24,-0.0054814726869470976
6184381.182646112,2013-10-25,-0.0326268591888037
6095083.462646111,2013-10-28,-0.01443923286141835
6092539.78264611,2013-10-29,-0.0004173330874941428
6123721.26264611,2013-10-30,0.00511797724962193
6059951.542646109,2013-10-31,-0.010413556931303747
6078496.942646109,2013-11-01,0.0030603215008384588
6042821.9426461095,2013-11-04,-0.005869049591800679
6073809.382646111,2013-11-05,0.005127975024601161
6058017.222646111,2013-11-06,-0.0026000420831646665
5967574.302646111,2013-11-07,-0.014929459041797655
5873603.982646111,2013-11-08,-0.015746820271400952
5949487.862646109,2013-11-11,0.012919475031718308
6085992.302646111,2013-11-12,0.02294389755075299
6003467.78264611,2013-11-13,-0.013559747678964396
6070362.9426461095,2013-11-14,0.011142753225622304
6143477.262646111,2013-11-15,0.012044472577801058
6250207.582646113,2013-11-18,0.017372949461203158
6197957.542646107,2013-11-19,-0.008359728746462625
6209020.262646108,2013-11-20,0.001784897673771102
6143823.142646112,2013-11-21,-0.010500387700814406
6120607.742646109,2013-11-22,-0.0037786569471469633
6131356.94264611,2013-11-25,0.0017562308273906257
6132973.902646109,2013-11-26,0.0002637197630352972
6177940.022646111,2013-11-27,0.0073318622765703445
6286256.742646109,2013-11-28,0.017532821555882316
6319206.0226461105,2013-11-29,0.005241478569666613
6216569.14264611,2013-12-02,-0.016242053136451218
6277693.062646109,2013-12-03,0.009832420197932734
6353116.302646109,2013-12-04,0.012014483544725785
6289160.342646109,2013-12-05,-0.010066864347086146
6262671.702646112,2013-12-06,-0.004211792760375421
6229670.26264611,2013-12-09,-0.005269546539707348
6235781.302646108,2013-12-10,0.0009809572164101166
6163790.22264611,2013-12-11,-0.011544837207400072
6151526.742646111,2013-12-12,-0.001989600482336651
6152696.86264611,2013-12-13,0.00019021619330494843
6057535.862646108,2013-12-16,-0.015466551030287046
6033585.662646109,2013-12-17,-0.003953785919401209
6072717.10264611,2013-12-18,0.006485602788779854
6007071.862646109,2013-12-19,-0.0108098630136082
5848404.462646109,2013-12-20,-0.026413434636373356
5831072.502646111,2013-12-23,-0.0029635364843005885
5815269.30264611,2013-12-24,-0.0027101703833779522
5857746.302646109,2013-12-25,0.00730439086985557
5793564.22264611,2013-12-26,-0.010956787249561506
5893692.38264611,2013-12-27,0.01728265298391185
5876492.38264611,2013-12-30,-0.0029183742352494324
5936799.142646109,2013-12-31,0.01026237355094528
5915135.182646107,2014-01-02,-0.0036490976836965894
5838426.0626461115,2014-01-03,-0.012968278430059432
5728704.422646109,2014-01-06,-0.018793016957428743
5735987.742646109,2014-01-07,0.001271372977668106
5734344.42264611,2014-01-08,-0.00028649294136062764
5690207.262646113,2014-01-09,-0.007696984475800028
5687602.702646109,2014-01-10,-0.0004577267364409554
5632312.382646111,2014-01-13,-0.009721199403445513
5683635.342646108,2014-01-14,0.009112236061005863
5666300.782646109,2014-01-15,-0.0030499071377665388
5735243.862646111,2014-01-16,0.012167211492046137
5624427.34264611,2014-01-17,-0.01932202407673611
5579161.222646109,2014-01-20,-0.008048129568103746
5610175.662646109,2014-01-21,0.005558978986681895
5803993.782646109,2014-01-22,0.03454760272311752
5828035.42264611,2014-01-23,0.0041422580554590915
5895294.862646111,2014-01-24,0.011540671104820266
5853700.0226461105,2014-01-27,-0.007055599587317496
5833232.50264611,2014-01-28,-0.003496509886194765
5797853.38264611,2014-01-29,-0.006065096836779804
5720577.982646109,2014-01-30,-0.01332827770900502
5737146.26264611,2014-02-07,0.0028962597923256617
5880812.30264611,2014-02-10,0.025041376569984397
5924983.822646111,2014-02-11,0.007511125628023585
5917041.502646112,2014-02-12,-0.0013404796093523519
5868851.902646108,2014-02-13,-0.008144205170515284
5959671.822646108,2014-02-14,0.015474904036861581
6062917.542646112,2014-02-17,0.01732406130278541
5955681.902646109,2014-02-18,-0.017687134823410444
6018400.462646111,2014-02-19,0.010530878079995531
6023736.542646108,2014-02-20,0.0008866276069723344
6006628.0626461115,2014-02-21,-0.002840177334927252
5842805.702646112,2014-02-24,-0.027273598147149247
5661728.142646112,2014-02-25,-0.03099154228558265
5626515.862646109,2014-02-26,-0.006219351956299524
5630584.74264611,2014-02-27,0.0007231615620268972
5742767.70264611,2014-02-28,0.019923856069570256
5817916.822646109,2014-03-03,0.01308587146322715
5771033.502646109,2014-03-04,-0.00805843765546943
5801715.782646108,2014-03-05,0.005316600568326502
5800380.82264611,2014-03-06,-0.00023009744875668314
5924847.62264611,2014-03-07,0.021458384165751854
5728023.342646111,2014-03-10,-0.03322014210925739
5810304.38264611,2014-03-11,0.014364648165345661
5747639.942646111,2014-03-12,-0.010785052877291812
5911111.30264611,2014-03-13,0.02844147539359243
5881097.78264611,2014-03-14,-0.005077475023446798
5921119.902646112,2014-03-17,0.006805212475483602
5941890.262646112,2014-03-18,0.0035078431684378852
5900358.582646108,2014-03-19,-0.00698964103411559
5766019.782646109,2014-03-20,-0.022767904377051007
5884774.06264611,2014-03-21,0.02059553807938941
5906388.262646112,2014-03-24,0.0036729022677690626
5836972.0226461105,2014-03-25,-0.011752739053578876
5768994.142646112,2014-03-26,-0.0116460863160317
5705655.86264611,2014-03-27,-0.010979085510208098
5670026.422646111,2014-03-28,-0.006244582718922587
5681766.46264611,2014-03-31,0.002070544142988462
5809550.30264611,2014-04-01,0.022490160558357175
5868977.262646108,2014-04-02,0.010229184171609784
5856130.82264611,2014-04-03,-0.0021888720001967954
5878925.702646114,2014-04-04,0.00389248134823994
6028971.222646111,2014-04-08,0.025522608651519674
6037609.502646111,2014-04-09,0.0014327950293664404
6221577.822646109,2014-04-10,0.03047039062717949
6340703.9026461085,2014-04-11,0.019147245826675707
6305429.582646113,2014-04-14,-0.005563155217715665
6234488.182646108,2014-04-15,-0.01125084327247916
6189112.502646109,2014-04-16,-0.007278172429022067
6186491.222646112,2014-04-17,-0.0004235308372366742
6185529.862646111,2014-04-18,-0.0001553966481809832
6098154.982646109,2014-04-21,-0.014125690432383542
6121305.142646111,2014-04-22,0.003796256419504207
6117000.26264611,2014-04-23,-0.0007032617880800007
6108006.7826461075,2014-04-24,-0.0014702435203283182
5889049.62264611,2014-04-25,-0.03584756333638861
5771541.702646111,2014-04-28,-0.019953630471736372
5849082.422646112,2014-04-29,0.01343500991501978
5905189.742646107,2014-04-30,0.009592499463294102
5876583.182646111,2014-05-05,-0.004844308353617488
5873212.862646109,2014-05-06,-0.0005735169392231398
5828495.862646109,2014-05-07,-0.007613720300246873
5828397.102646109,2014-05-08,-1.694433732613021e-05
5808715.982646112,2014-05-09,-0.0033767637402505324
5926889.02264611,2014-05-12,0.020344089873398197
5913651.74264611,2014-05-13,-0.0022334280175351218
5838020.302646111,2014-05-14,-0.012789295564124226
5786986.542646111,2014-05-15,-0.008741620849942677
5772590.502646109,2014-05-16,-0.002487657417882816
5634489.662646108,2014-05-19,-0.02392354696504051
5606740.822646108,2014-05-20,-0.004924818690139943
5691377.302646111,2014-05-21,0.015095486429147709
5646707.22264611,2014-05-22,-0.007848729336435434
5723187.542646111,2014-05-23,0.013544233299944697
5762903.1026461115,2014-05-26,0.006939412644450638
5732609.0626461115,2014-05-27,-0.005256732494094862
5776885.38264611,2014-05-28,0.007723589645856732
5769245.902646109,2014-05-29,-0.0013224219443490615
5744264.702646109,2014-05-30,-0.004330063308367937
5689355.46264611,2014-06-03,-0.009558967568939702
5629496.82264611,2014-06-04,-0.01052116367012157
5712641.702646107,2014-06-05,0.014769504738953776
5662658.86264611,2014-06-06,-0.008749514253072244
5668919.302646109,2014-06-09,0.001105565451116286
5725141.542646112,2014-06-10,0.009917629269084793
5733579.34264611,2014-06-11,0.0014738150903599312
5732137.582646108,2014-06-12,-0.00025145897768918957
5771863.9026461085,2014-06-13,0.00693045472604692
5821206.74264611,2014-06-16,0.008548857151219558
5779020.38264611,2014-06-17,-0.007247012838582645
5750610.38264611,2014-06-18,-0.004916058106545607
5673489.222646111,2014-06-19,-0.013410952032627987
5693154.102646111,2014-06-20,0.003466099824690927
5725963.742646107,2014-06-23,0.005762998754020643
5827042.38264611,2014-06-24,0.017652686000643625
5580457.422646111,2014-06-25,-0.04231734451329372
5596121.78264611,2014-06-26,0.0028070028697704252
5589241.02264611,2014-06-27,-0.0012295586599523345
5644704.102646111,2014-06-30,0.009923186310141219
5656505.622646113,2014-07-01,0.0020907242940280124
5657663.342646112,2014-07-02,0.00020467052933947905
5725847.742646109,2014-07-03,0.012051689163976809
5733540.862646109,2014-07-04,0.0013435774658661082
5714920.742646111,2014-07-07,-0.0032475777963505426
5688096.022646112,2014-07-08,-0.004693804377692623
5628374.662646111,2014-07-09,-0.010499358618812238
5612761.222646112,2014-07-10,-0.0027740583979992683
5639809.662646109,2014-07-11,0.0048190968628532005
5757693.22264611,2014-07-14,0.0209020458227116
5850943.9426461095,2014-07-15,0.016195847259320217
5677759.74264611,2014-07-16,-0.029599360666866414
5642382.302646114,2014-07-17,-0.006230880066001032
5760936.782646108,2014-07-18,0.02101142277161827
5844612.102646111,2014-07-21,0.014524603056235597
5907122.742646108,2014-07-22,0.010695430064844968
5960993.462646109,2014-07-23,0.009119620896157254
6054865.382646109,2014-07-24,0.01574769718977853
6089764.942646111,2014-07-25,0.0057638870221670135
6157292.862646109,2014-07-28,0.011088756402912292
6103421.54264611,2014-07-29,-0.008749189165065618
6076233.382646109,2014-07-30,-0.004454576799264309
6144211.22264611,2014-07-31,0.01118749654911988
6120512.582646109,2014-08-01,-0.0038570679199069202
6222289.9026461085,2014-08-04,0.01662888828765352
6230829.982646111,2014-08-05,0.0013724979281937166
6175003.462646111,2014-08-06,-0.008959724491839238
6085753.302646109,2014-08-07,-0.014453459101666066
6072545.22264611,2014-08-08,-0.0021703278695599515
6153805.342646109,2014-08-11,0.013381558641500035
6121087.262646113,2014-08-12,-0.005316723259551126
6125804.822646111,2014-08-13,0.0007707062156729894
6083010.54264611,2014-08-14,-0.006985903279483785
6132199.742646108,2014-08-15,0.008086324962803815
6140874.54264611,2014-08-18,0.0014146310237863613
6127434.622646111,2014-08-19,-0.0021886003217723715
6133605.9826461105,2014-08-20,0.0010071686407213676
6070744.222646112,2014-08-21,-0.010248744405469523
6079860.222646111,2014-08-22,0.001501628081445494
6039936.06264611,2014-08-25,-0.006566624648917552
6001037.622646109,2014-08-26,-0.006440207246657281
5999294.1826461125,2014-08-27,-0.00029052309110966235
5968824.74264611,2014-08-28,-0.0050788374552692694
6054630.222646109,2014-08-29,0.014375607209059948
6093136.0626461115,2014-09-01,0.006359734382453075
6197948.822646108,2014-09-02,0.017201775723104218
6263622.78264611,2014-09-03,0.010596079748196985
6326763.54264611,2014-09-04,0.010080549578262765
6390758.542646112,2014-09-05,0.010114966296533412
6323442.982646112,2014-09-09,-0.010533266051407919
6289228.9426461095,2014-09-10,-0.0054106663243266295
6254070.102646111,2014-09-11,-0.0055903259875933475
6279325.822646108,2014-09-12,0.004038285402223396
6252155.742646108,2014-09-15,-0.004326910367035364
6113802.582646111,2014-09-16,-0.022128872935184063
6129464.66264611,2014-09-17,0.002561757562217659
6153173.502646111,2014-09-18,0.003868011531983573
6186028.30264611,2014-09-19,0.005339488637183809
6062231.422646111,2014-09-22,-0.020012336501442185
6132090.94264611,2014-09-23,0.01152373031142151
6219337.262646109,2014-09-24,0.014227825519226522
6234566.90264611,2014-09-25,0.0024487560903752037
6250845.542646112,2014-09-26,0.0026110298043464653
6233008.382646109,2014-09-29,-0.002853559550993534
6278256.782646111,2014-09-30,0.007259480049149669
6357713.062646111,2014-10-08,0.012655786908816191
6318032.782646109,2014-10-09,-0.006241281984419422
6251838.1026461115,2014-10-10,-0.010477102964995155
6225272.542646109,2014-10-13,-0.004249239913739711
6200326.46264611,2014-10-14,-0.004007226965422994
6321043.262646109,2014-10-15,0.019469426445084315
6264064.622646113,2014-10-16,-0.009014119605336046
6283823.182646109,2014-10-17,0.003154271418044363
6295763.66264611,2014-10-20,0.0019001935052815888
6242412.94264611,2014-10-21,-0.008474066508649125
6202802.46264611,2014-10-22,-0.006345379641483628
6156862.22264611,2014-10-23,-0.007406368375690975
6131557.262646111,2014-10-24,-0.004110041622650384
6115933.502646113,2014-10-27,-0.002548090041526452
6190802.822646109,2014-10-28,0.012241683132689918
6230366.26264611,2014-10-29,0.006390680035112117
6218751.902646112,2014-10-30,-0.0018641536484991228
6287904.062646109,2014-10-31,0.011119941924451426
6277764.462646111,2014-11-03,-0.0016125564097316802
6192149.462646112,2014-11-04,-0.01363781653635221
6096667.26264611,2014-11-05,-0.015419879732553987
6096414.702646112,2014-11-06,-4.142591175104737e-05
6112879.262646111,2014-11-07,0.002700695540421849
6298540.622646109,2014-11-10,0.030372162122441537
6270722.22264611,2014-11-11,-0.004416642150402272
6330512.702646111,2014-11-12,0.009534863429937035
6298266.42264611,2014-11-13,-0.0050937864774400765
6435688.062646111,2014-11-14,0.021818962676124043
6415119.382646111,2014-11-17,-0.0031960343322704476
6288669.422646109,2014-11-18,-0.019711240346059422
6232463.182646109,2014-11-19,-0.008937699888882045
6210617.902646112,2014-11-20,-0.0035050796707188914
6303040.142646112,2014-11-21,0.014881327663165633
6444147.86264611,2014-11-24,0.022387247551426848
6552833.86264611,2014-11-25,0.016865845153865022
6677268.822646111,2014-11-26,0.01898948799989153
6678448.982646112,2014-11-27,0.00017674292159663985
6712182.862646111,2014-11-28,0.005051154854616158
6810341.902646109,2014-12-01,0.014624011593346475
6926446.382646109,2014-12-02,0.01704826008146343
7035534.70264611,2014-12-03,0.01574953648285171
7405539.262646109,2014-12-04,0.052590822963439754
7307752.14264611,2014-12-05,-0.013204591391911435
7494594.302646111,2014-12-08,0.025567665179780708
7299648.302646111,2014-12-09,-0.026011548074212687
7538295.982646111,2014-12-10,0.03269303808972435
7443661.74264611,2014-12-11,-0.012553797332694017
7470297.382646111,2014-12-12,0.0035782980098895134
7615815.262646111,2014-12-15,0.019479529735729972
7684089.142646108,2014-12-16,0.00896475001630681
7699645.502646112,2014-12-17,0.002024489788082784
7737430.02264611,2014-12-18,0.00490730644508397
7763735.182646108,2014-12-19,0.003399728323617568
7725046.542646108,2014-12-22,-0.004983250856685384
7712884.622646111,2014-12-23,-0.0015743490906957591
7532047.862646109,2014-12-24,-0.023446060565853633
7692732.462646109,2014-12-25,0.02133345445093182
7853620.942646109,2014-12-26,0.020914347506719055
7845244.742646111,2014-12-29,-0.0010665398879278198
7945746.542646109,2014-12-30,0.012810537248593157
8068654.9826461105,2014-12-31,0.015468457160108473
8392835.702646112,2015-01-05,0.040177789321422575
8409500.782646108,2015-01-06,0.001985631625642581
8355847.302646111,2015-01-07,-0.006380102860649828
8239568.58264611,2015-01-08,-0.013915850276868702
8195974.382646112,2015-01-09,-0.005290835261910987
8234186.742646109,2015-01-12,0.004662332776552702
8277033.542646109,2015-01-13,0.005203525416552557
8183853.502646112,2015-01-14,-0.011257661276821151
8324371.9826461105,2015-01-15,0.01717020960291671
8382654.302646112,2015-01-16,0.007001407448093744
7838977.542646111,2015-01-19,-0.06485735190444164
7977174.342646109,2015-01-20,0.01762944200926353
8219625.70264611,2015-01-21,0.03039313791900633
8215691.98264611,2015-01-22,-0.0004785765364880845
8183546.90264611,2015-01-23,-0.003912644250526731
8272847.142646109,2015-01-26,0.01091216816648588
8231721.94264611,2015-01-27,-0.00497110599179329
8103058.702646109,2015-01-28,-0.015630173236711897
7996652.862646112,2015-01-29,-0.013131564746686308
7973235.342646112,2015-01-30,-0.0029284152259988483
7913496.862646114,2015-02-02,-0.007492376360757502
8099882.30264611,2015-02-03,0.023552854475723084
8013514.062646111,2015-02-04,-0.01066290061668973
7914230.1026461115,2015-02-05,-0.012389565828903604
7830263.70264611,2015-02-06,-0.010609547474735082
8042411.50264611,2015-02-09,0.027093314868605
8091404.182646109,2015-02-10,0.006091789755333865
8213470.702646111,2015-02-11,0.015085950132339487
8190011.0626461115,2015-02-12,-0.0028562395665989726
8216464.86264611,2015-02-13,0.0032300078470774984
8335938.742646107,2015-02-16,0.014540788769529245
8367625.30264611,2015-02-17,0.003801198758562885
8238369.382646111,2015-02-25,-0.015447144837989368
8386649.22264611,2015-02-26,0.017998687982156536
8461339.622646108,2015-02-27,0.008905869080384932
8549681.782646112,2015-03-02,0.010440682437986792
8369914.982646112,2015-03-03,-0.021026139284491818
8425965.462646112,2015-03-04,0.006696660613185745
8326331.9426461095,2015-03-05,-0.011824582054329125
8302620.18264611,2015-03-06,-0.0028478038304661224
8477974.902646111,2015-03-09,0.021120407310275757
8415357.742646111,2015-03-10,-0.007385862864545234
8545474.38264611,2015-03-11,0.015461807326456523
8840553.06264611,2015-03-12,0.03453040367182392
8868707.06264611,2015-03-13,0.003184642386114822
9219531.10264611,2015-03-16,0.039557518082610654
9331620.22264611,2015-03-17,0.012157789669783536
9457389.582646117,2015-03-18,0.013477762382012592
9353674.022646112,2015-03-19,-0.01096661600895854
9489715.58264611,2015-03-20,0.014544184421076523
9763299.742646111,2015-03-23,0.028829542636694683
9827182.50264611,2015-03-24,0.006543152590200441
9713280.342646113,2015-03-25,-0.011590520474136556
9677454.942646109,2015-03-26,-0.003688290539984984
9656609.702646114,2015-03-27,-0.002154000212197804
9811372.422646109,2015-03-30,0.01602661024578711
9874674.542646112,2015-03-31,0.006451912869385401
10157554.062646111,2015-04-01,0.028646971480256633
10281103.982646115,2015-04-02,0.01216335342524566
10518622.862646112,2015-04-03,0.023102468412041555
10682786.542646112,2015-04-07,0.015606955600906636
10646504.10264611,2015-04-08,-0.003396346061503741
10648564.422646115,2015-04-09,0.00019352080083190337
10936446.542646114,2015-04-10,0.027034829163240515
11164202.58264611,2015-04-13,0.020825415194219765
11189867.02264611,2015-04-14,0.002298815326039927
10808850.982646115,2015-04-15,-0.03405009543267079
11410893.102646114,2015-04-16,0.05569899344218854
11420992.94264611,2015-04-17,0.0008851051279810118
11027966.622646108,2015-04-20,-0.034412622612911115
11592579.582646115,2015-04-21,0.051198283357202445
11916466.30264611,2015-04-22,0.02793914138703424
11684710.502646113,2015-04-23,-0.019448366161077035
11625039.54264611,2015-04-24,-0.005106755532068186
11723516.542646114,2015-04-27,0.008471110970310614
11332043.982646111,2015-04-28,-0.03339207639413999
11540820.942646112,2015-04-29,0.01842359245337577
11572493.182646113,2015-04-30,0.0027443662939925506
11538901.462646112,2015-05-04,-0.002902721087826965
10665183.782646114,2015-05-05,-0.0757193120010955
10700987.342646113,2015-05-06,0.003357050448418608
10737054.222646113,2015-05-07,0.0033704254425444002
11179146.662646113,2015-05-08,0.04117446283055526
11391472.902646111,2015-05-11,0.018993063281785405
11412838.622646112,2015-05-12,0.0018755888885131355
11418384.582646107,2015-05-13,0.0004859404556014635
11197186.142646108,2015-05-14,-0.019372130829800716
10922665.462646112,2015-05-15,-0.02451693456755566
10916655.382646112,2015-05-18,-0.0005502393184660948
11177724.782646107,2015-05-19,0.023914778918001645
11251789.382646112,2015-05-20,0.006626089069127428
11358175.82264611,2015-05-21,0.009455068556835977
11710551.782646108,2015-05-22,0.031023992364815012
12128159.022646109,2015-05-25,0.035660765414901485
12330984.86264611,2015-05-26,0.01672354721118663
12243942.102646112,2015-05-27,-0.0070588652057853585
11263178.622646106,2015-05-28,-0.08010193708675306
11513837.102646107,2015-05-29,0.022254683903886407
12116150.622646108,2015-06-01,0.05231214534567097
12323900.66264611,2015-06-02,0.01714653824224488
12415117.342646109,2015-06-03,0.007401607859147896
10812697.382646112,2015-06-04,-0.1290700615849728
10641799.062646108,2015-06-05,-0.015805336444011497
10815882.26264611,2015-06-08,0.016358437043888063
10763775.94264611,2015-06-09,-0.00481757463096244
10951197.82264611,2015-06-10,0.01741227994698713
11022848.18264611,2015-06-11,0.0065426961653303195
10996917.14264611,2015-06-12,-0.0023524809169399585
10563400.502646111,2015-06-15,-0.03942165193905289
10152466.742646107,2015-06-16,-0.038901654812488196
10420802.98264611,2015-06-17,0.02643064457161315
9941979.622646114,2015-06-18,-0.04594879692067744
9585967.14264611,2015-06-19,-0.0358090132461214
9959985.42264611,2015-06-23,0.03901727122932286
10100672.66264611,2015-06-24,0.014125245573162859
9646552.18264611,2015-06-25,-0.04495942945259557
8952283.86264611,2015-06-26,-0.07197061777667779
8697598.502646111,2015-06-29,-0.02844920513107141
9316000.82264611,2015-06-30,0.07110035256420022
8920312.382646112,2015-07-01,-0.04247406666582998
8675292.222646112,2015-07-02,-0.027467665871956592
8252205.9826461105,2015-07-03,-0.04876910530985579
8403998.42264611,2015-07-06,0.018394165186764733
8280491.862646109,2015-07-07,-0.014696166489892581
7879823.222646111,2015-07-08,-0.04838705799681342
8396469.18264611,2015-07-09,0.0655656790009187
8722697.502646111,2015-07-10,0.03885303606833346
8761038.942646107,2015-07-13,0.004395594366119582
8577850.06264611,2015-07-14,-0.020909492721038925
8484539.062646113,2015-07-15,-0.010878133718650207
8218862.702646111,2015-07-16,-0.031312998624717814
8222362.542646111,2015-07-17,0.0004258302062734032
8323248.302646111,2015-07-20,0.012269680335395883
8248781.382646111,2015-07-21,-0.00894685792040173
8175462.102646112,2015-07-22,-0.008888498385258292
8346998.142646111,2015-07-23,0.02098181581007852
8197950.582646111,2015-07-24,-0.01785642664019449
6995423.90264611,2015-07-27,-0.14668625626331266
6896920.542646112,2015-07-28,-0.014081113792509203
7054690.70264611,2015-07-29,0.022875449851053054
6811283.66264611,2015-07-30,-0.03450286486815102
6834026.662646112,2015-07-31,0.0033390181831256527
6816539.222646111,2015-08-03,-0.0025588779299889897
7028694.302646108,2015-08-04,0.031123576505680317
6860342.902646109,2015-08-05,-0.02395201622819465
6853607.62264611,2015-08-06,-0.000981770167406859
7048160.462646109,2015-08-07,0.02838692418823996
7332793.86264611,2015-08-10,0.04038406922040205
7321770.702646109,2015-08-11,-0.0015032687685595514
7183708.502646108,2015-08-12,-0.018856394936009768
7279085.342646108,2015-08-13,0.013276824910819718
7281274.142646108,2015-08-14,0.00030069712016933536
7194672.98264611,2015-08-17,-0.01189368210884667
6793841.702646111,2015-08-18,-0.0557122305581953
6947210.102646111,2015-08-19,0.022574620768727183
6695216.062646108,2015-08-20,-0.03627269598540306
6401890.822646109,2015-08-21,-0.043811168639727116
5808055.942646108,2015-08-24,-0.09275929509753034
5537292.742646111,2015-08-25,-0.04661855923457903
5569005.782646109,2015-08-26,0.005727174175885086
5972960.902646112,2015-08-27,0.07253630823275325
6094304.902646111,2015-08-28,0.020315552366371836
6072775.782646109,2015-08-31,-0.0035326621073149544
6001998.342646109,2015-09-01,-0.011654874563664541
5993321.742646111,2015-09-02,-0.0014456185264744015
5771387.0226461105,2015-09-07,-0.037030336352677495
5896630.342646111,2015-09-08,0.021700731472098944
6051438.542646108,2015-09-09,0.026253672182972032
6000959.22264611,2015-09-10,-0.008341705801729105
5977507.062646112,2015-09-11,-0.003908068548690524
5978713.182646111,2015-09-14,0.00020177642407737117
5821755.862646109,2015-09-15,-0.026252692712469883
6068327.782646111,2015-09-16,0.042353531446083226
5874331.422646112,2015-09-17,-0.03196866862643444
5913739.702646111,2015-09-18,0.006708555776760772
5986476.462646109,2015-09-21,0.012299621501340674
6008481.582646108,2015-09-22,0.0036758049809941795
5876606.382646111,2015-09-23,-0.0219481741245382
5912571.1026461115,2015-09-24,0.006119981101032401
5824726.942646112,2015-09-25,-0.014857184543740298
5831135.582646111,2015-09-28,0.0011002472842249755
5718958.542646107,2015-09-29,-0.01923759761886701
5746173.862646111,2015-09-30,0.004758789523837237
5982441.742646111,2015-10-08,0.041117426247036404
6018675.062646109,2015-10-09,0.0060566105878987475
6210452.34264611,2015-10-12,0.03186370388895621
6262504.782646112,2015-10-13,0.008381424915310465
6255871.182646111,2015-10-14,-0.0010592566760800892
6384917.422646109,2015-10-15,0.020628020659692492
6496139.0226461105,2015-10-16,0.017419426538786364
6496199.10264611,2015-10-19,9.248570541631196e-06
6582057.422646111,2015-10-20,0.013216700818949434
6394128.70264611,2015-10-21,-0.0285516682600514
6480051.742646109,2015-10-22,0.013437802708669455
6670092.822646111,2015-10-23,0.02932709298435321
6721861.462646112,2015-10-26,0.00776130728259683
6778986.462646112,2015-10-27,0.008498389964959552
6625954.182646108,2015-10-28,-0.022574507390337728
6642877.462646106,2015-10-29,0.002554089499188228
6647642.46264611,2015-10-30,0.0007173096337842466
6540814.542646109,2015-11-02,-0.01607004597498729
6500861.382646112,2015-11-03,-0.0061082850980566095
6777318.10264611,2015-11-04,0.04252616749189464
6828780.302646113,2015-11-05,0.007593298591062281
6991176.782646111,2015-11-06,0.023781183872187306
7179111.622646112,2015-11-09,0.02688171760532554
7194355.102646112,2015-11-10,0.0021233100697188867
7153493.1026461115,2015-11-11,-0.005679730763494262
7080992.302646111,2015-11-12,-0.010135020605972489
6966207.662646109,2015-11-13,-0.016210247814717582
6980508.422646112,2015-11-16,0.002052875925115716
6935832.302646111,2015-11-17,-0.006400124073350222
6879983.9426461095,2015-11-18,-0.008052149700720768
6948968.342646111,2015-11-19,0.010026825727367683
6901816.382646112,2015-11-20,-0.006785461909593948
6855588.94264611,2015-11-23,-0.006697865813445225
6864127.50264611,2015-11-24,0.0012454889100605993
6942538.462646111,2015-11-25,0.01142329596438496
6894836.142646111,2015-11-26,-0.006871019909599263
6562608.662646107,2015-11-27,-0.04818497106045805
6612391.982646111,2015-11-30,0.00758590410599469
6640828.542646112,2015-12-01,0.00430049520273923
6865746.8626461085,2015-12-02,0.03386901477061399
6898735.142646109,2015-12-03,0.004804762054289702
6737630.062646108,2015-12-04,-0.023352843190644235
6786634.822646109,2015-12-07,0.007273293360478217
6670150.822646108,2015-12-08,-0.01716373475869204
6712878.462646108,2015-12-09,0.0064057981799952035
6705339.782646111,2015-12-10,-0.0011230175016494481
6666162.742646109,2015-12-11,-0.005842662902988849
6789665.462646108,2015-12-14,0.01852680841556764
6799288.22264611,2015-12-15,0.0014172657037290204
6764347.9026461085,2015-12-16,-0.00513882024939416
6867299.82264611,2015-12-17,0.01521978489008946
6878559.782646111,2015-12-18,0.0016396488126044773
7150664.102646111,2015-12-21,0.03955832741128318
7194724.582646112,2015-12-22,0.006161732584208046
7153317.982646111,2015-12-23,-0.005755133434832915
7082341.14264611,2015-12-24,-0.009922226325208894
7082790.9826461105,2015-12-25,6.351572042917475e-05
6900709.26264611,2015-12-28,-0.02570762294780804
6967980.542646109,2015-12-29,0.009748458809030192
6973457.502646111,2015-12-30,0.0007860182683463446
6898975.102646111,2015-12-31,-0.010680842318424921
6455223.262646112,2016-01-04,-0.0643214149054977
6461872.742646109,2016-01-05,0.0010300929541005033
6529539.462646111,2016-01-06,0.010471688734045248
6111918.58264611,2016-01-07,-0.06395870373233936
6225653.382646111,2016-01-08,0.01860869029291945
5943362.54264611,2016-01-11,-0.045343166837215954
5931880.342646109,2016-01-12,-0.0019319366633974155
5895274.0226461105,2016-01-13,-0.006171115714662112
6040854.942646112,2016-01-14,0.024694512831934023
5835456.50264611,2016-01-15,-0.03400155142775707
5867220.262646111,2016-01-18,0.005443234815579068
6090952.662646111,2016-01-19,0.038132606240198985
5923231.742646111,2016-01-20,-0.02753607346656617
5787869.542646112,2016-01-21,-0.02285276110765988
5865884.302646111,2016-01-22,0.013479011478260139
5889503.862646111,2016-01-25,0.004026598340738818
5599387.70264611,2016-01-26,-0.04925986411861427
5591435.9826461105,2016-01-27,-0.0014201052726250385
5465379.182646109,2016-01-28,-0.022544620092448286
5621513.422646108,2016-01-29,0.028567869635790943
5547939.66264611,2016-02-01,-0.013087891901780058
5667043.102646111,2016-02-02,0.02146804890505849
5626302.422646109,2016-02-03,-0.007189054196707678
5690853.18264611,2016-02-04,0.011473034179638297
5652555.14264611,2016-02-05,-0.006729753653949011
5595318.302646109,2016-02-15,-0.010125834875660655
5772841.902646109,2016-02-16,0.03172716732058789
5778853.302646112,2016-02-17,0.001041324204157812
5763720.622646112,2016-02-18,-0.0026186302381253634
5773857.10264611,2016-02-19,0.0017586695580231737
5911017.222646111,2016-02-22,0.023755371420110416
5910145.542646109,2016-02-23,-0.00014746700392986867
5979564.622646108,2016-02-24,0.011745747968318065
5655202.142646108,2016-02-25,-0.05424516674199964
5728577.262646111,2016-02-26,0.012974800572852718
5639578.66264611,2016-02-29,-0.015535899389945707
5765977.502646112,2016-03-01,0.022412816197991514
6002927.142646112,2016-03-02,0.04109444407149687
6038996.742646108,2016-03-03,0.006008668628301406
6202826.542646109,2016-03-04,0.02712864520079461
6199358.462646111,2016-03-07,-0.0005591128457573813
6150635.742646109,2016-03-08,-0.007859316458884824
6070941.622646106,2016-03-09,-0.012957054089130171
5977002.9426461095,2016-03-10,-0.015473494202214444
5986084.782646112,2016-03-11,0.001519463866280546
6052309.9026461085,2016-03-14,0.011063177753844355
6174547.902646109,2016-03-15,0.020196916874094306
6183256.742646108,2016-03-16,0.0014104417258251623
6270572.182646112,2016-03-17,0.014121270332798197
6326047.382646111,2016-03-18,0.008846911953829029
6519336.222646109,2016-03-21,0.030554440760313772
6511379.0626461115,2016-03-22,-0.0012205475723673365
6539408.02264611,2016-03-23,0.004304611930949109
6550799.622646112,2016-03-24,0.0017419925413053594
6561980.42264611,2016-03-25,0.0017067840025737357
6608316.302646109,2016-03-28,0.0070612645901972915
6562416.142646112,2016-03-29,-0.006945817648228769
6701891.382646106,2016-03-30,0.02125364148939135
6702764.022646112,2016-03-31,0.0001302080189282684
6661164.462646113,2016-04-01,-0.006206329188891413
6778791.262646113,2016-04-05,0.017658594178182607
6876335.142646112,2016-04-06,0.014389568319872259
6756648.38264611,2016-04-07,-0.017405603059938213
6702193.10264611,2016-04-08,-0.008059510709461204
6696726.82264611,2016-04-11,-0.0008155957186374296
6708384.0626461115,2016-04-12,0.0017407369762463265
6738701.702646108,2016-04-13,0.004519365575506251
6765143.582646109,2016-04-14,0.003923883437312314
6795228.86264611,2016-04-15,0.0044471014742650805
6694008.142646112,2016-04-18,-0.014895851493158196
6708329.782646111,2016-04-19,0.002139471553486594
6586102.462646109,2016-04-20,-0.018220231258784247
6532066.9026461085,2016-04-21,-0.00820448213590208
6611463.262646108,2016-04-22,0.01215486019713552
6545188.742646109,2016-04-25,-0.010024183356571181
6580806.18264611,2016-04-26,0.005441774317053616
6553340.0626461115,2016-04-27,-0.004173671011984514
6609804.262646111,2016-04-28,0.008616094916521044
6675643.502646112,2016-04-29,0.00996084564441313
6866317.42264611,2016-05-03,0.02856262769640372
6821076.662646107,2016-05-04,-0.006588795305441653
6845117.742646108,2016-05-05,0.003524528632210755
6653897.702646107,2016-05-06,-0.02793524482547194
6521588.22264611,2016-05-09,-0.019884507684478137
6539801.662646109,2016-05-10,0.002792792089625351
6652656.582646108,2016-05-11,0.01725662731403621
6662306.50264611,2016-05-12,0.0014505363203587418
6569679.702646109,2016-05-13,-0.013903112977947107
6639133.142646111,2016-05-16,0.010571815239642124
6663325.502646109,2016-05-17,0.0036439034253734626
6548525.102646111,2016-05-18,-0.017228694584169646
6582118.8626461085,2016-05-19,0.005129973463249504
6719073.38264611,2016-05-20,0.020807056642083044
6758125.822646109,2016-05-23,0.005812176438028338
6467435.062646112,2016-05-24,-0.04301351700584033
6441870.662646109,2016-05-25,-0.003952788045396116
6469839.34264611,2016-05-26,0.004341701574696266
6439194.10264611,2016-05-27,-0.0047366307534101315
6466640.022646109,2016-05-30,0.00426232220406586
6727311.662646113,2016-05-31,0.040310213509200166
6712983.542646109,2016-06-01,-0.002129843348801841
6771223.342646108,2016-06-02,0.008675695334274813
7040878.142646112,2016-06-03,0.03982364579553588
6964140.742646111,2016-06-06,-0.010898839384139825
6995615.742646111,2016-06-07,0.004519581261081873
6922433.182646111,2016-06-08,-0.010461203515491957
6688835.062646113,2016-06-13,-0.033745088444566806
6766975.422646113,2016-06-14,0.011682207629303942
6890330.262646112,2016-06-15,0.018228947542381135
6823574.9826461105,2016-06-16,-0.009688255490726605
6917345.30264611,2016-06-17,0.013742110292402243
6912040.782646109,2016-06-20,-0.000766843314583654
6852905.822646108,2016-06-21,-0.008555354613715482
6975120.98264611,2016-06-22,0.01783406385013042
6914459.0626461115,2016-06-23,-0.008696898613073989
6836850.022646112,2016-06-24,-0.01122416653231273
7053468.022646109,2016-06-27,0.0316838894055711
7103316.782646109,2016-06-28,0.007067269581424895
7100656.742646111,2016-06-29,-0.0003744785825259278
7163041.90264611,2016-06-30,0.008785829573385584
7079001.582646111,2016-07-01,-0.011732490350077951
7228757.262646113,2016-07-04,0.02115491545688042
7291311.502646109,2016-07-05,0.008653526149403179
7506723.06264611,2016-07-06,0.029543595815625823
7513578.262646113,2016-07-07,0.0009132080593348135
7394663.422646112,2016-07-08,-0.015826658862553966
7477037.34264611,2016-07-11,0.011139644266665139
7699996.262646113,2016-07-12,0.02981915293218229
7593923.0226461105,2016-07-13,-0.013775752140891329
7577654.70264611,2016-07-14,-0.002142281394147183
7575744.102646109,2016-07-15,-0.0002521360598991551
7556166.662646111,2016-07-18,-0.00258422667591951
7441399.462646109,2016-07-19,-0.015188547993171375
7443160.902646111,2016-07-20,0.0002367081634098156
7557594.382646109,2016-07-21,0.015374312270921786
7454739.502646112,2016-07-22,-0.013609473437232178
7480017.78264611,2016-07-25,0.0033909005124894698
7650094.342646109,2016-07-26,0.022737453966297005
7484182.902646109,2016-07-27,-0.021687502476291254
7531401.782646109,2016-07-28,0.006309156338670574
7498974.62264611,2016-07-29,-0.00430559422214305
7356229.62264611,2016-08-01,-0.019035269111182918
7371797.542646109,2016-08-02,0.002116290654124331
7369007.622646109,2016-08-03,-0.0003784585759253334
7373302.94264611,2016-08-04,0.0005828898842228369
7370835.062646109,2016-08-05,-0.00033470481535868846
7441715.702646109,2016-08-08,0.009616364956965162
7555672.90264611,2016-08-09,0.015313296631243256
7525246.622646109,2016-08-10,-0.004026945103637991
7535218.822646108,2016-08-11,0.0013251658716393333
7582937.382646111,2016-08-12,0.006332737127233923
7761894.102646113,2016-08-15,0.023599920580849476
7629787.102646111,2016-08-16,-0.017019943618525546
7600695.502646111,2016-08-17,-0.003812898002083176
7551302.262646111,2016-08-18,-0.006498515824348461
7534159.54264611,2016-08-19,-0.002270167370309162
7562937.582646109,2016-08-22,0.0038196748870400477
7558089.742646113,2016-08-23,-0.0006409996045875221
7521488.782646109,2016-08-24,-0.004842620456526836
7434889.822646109,2016-08-25,-0.011513539739606449
7411682.382646113,2016-08-26,-0.0031214235252429168
7471901.222646112,2016-08-29,0.008124854370580747
7466969.382646109,2016-08-30,-0.0006600515522147132
7510373.822646111,2016-08-31,0.005812858976076418
7472849.1826461125,2016-09-01,-0.004996374466321507
7452137.062646111,2016-09-02,-0.0027716496738755536
7461222.942646111,2016-09-05,0.001219231466573989
7508785.582646111,2016-09-06,0.006374643991422069
7470308.222646111,2016-09-07,-0.005124311991133057
7455494.542646108,2016-09-08,-0.0019830078704242693
7406604.742646109,2016-09-09,-0.006557552918903586
7256673.102646112,2016-09-12,-0.020242964922471574
7288374.622646111,2016-09-13,0.004368602464459803
7262214.622646112,2016-09-14,-0.003589277631080634
7305416.342646111,2016-09-19,0.00594883547854419
7237923.622646108,2016-09-20,-0.00923872327522346
7210791.26264611,2016-09-21,-0.0037486386171727837
7275632.542646112,2016-09-22,0.008992255861835607
7253635.862646111,2016-09-23,-0.0030233357541171735
7086430.582646109,2016-09-26,-0.023051237085260246
7145156.0626461115,2016-09-27,0.008287032422756635
7125048.262646111,2016-09-28,-0.002814186257613205
7178641.982646112,2016-09-29,0.00752187466307741
7261395.06264611,2016-09-30,0.011527678939839525
7382502.302646109,2016-10-10,0.016678233170785095
7443026.782646111,2016-10-11,0.008198369268142214
7384924.66264611,2016-10-12,-0.007806248949079442
7365580.382646112,2016-10-13,-0.0026194282113457534
7377147.182646111,2016-10-14,0.0015703854141964069
7316018.02264611,2016-10-17,-0.008286287163119188
7422870.10264611,2016-10-18,0.014605223725426608
7405329.782646109,2016-10-19,-0.0023630105009849744
7409664.82264611,2016-10-20,0.0005853945910903047
7398972.822646108,2016-10-21,-0.0014429802502434752
7490500.022646112,2016-10-24,0.012370257628175896
7559504.54264611,2016-10-25,0.00921227151610382
7568435.182646111,2016-10-26,0.0011813790109682643
7604366.382646112,2016-10-27,0.004747507130983708
7610058.14264611,2016-10-28,0.000748485766412621
7612612.102646111,2016-10-31,0.00033560321775838453
7635049.822646109,2016-11-01,0.002947440339459817
7597178.262646111,2016-11-02,-0.004960224344269348
7613570.422646111,2016-11-03,0.002157664258136016
7584299.782646111,2016-11-04,-0.0038445352673084354
7603901.142646108,2016-11-07,0.00258446535101986
7667971.94264611,2016-11-08,0.008426043263590755
7586474.382646111,2016-11-09,-0.01062830701645423
7658415.86264611,2016-11-10,0.009482860729690623
7650854.782646109,2016-11-11,-0.0009872903398835398
7600065.262646113,2016-11-14,-0.0066384111897143105
7627929.742646109,2016-11-15,0.0036663474637446125
7619660.782646112,2016-11-16,-0.0010840372524365538
7593548.50264611,2016-11-17,-0.0034269609559881564
7548572.022646111,2016-11-18,-0.005922985806217751
7557780.262646114,2016-11-21,0.0012198651575925368
7585406.622646111,2016-11-22,0.003655353693800656
7622795.582646111,2016-11-23,0.004929064697517527
7702101.182646111,2016-11-24,0.010403742188829668
7715579.46264611,2016-11-25,0.0017499484465832715
7744450.62264611,2016-11-28,0.003741930225691581
7828080.702646109,2016-11-29,0.010798710467008421
7735075.582646113,2016-11-30,-0.011880960804167229
7789618.902646112,2016-12-01,0.007051426895215984
7739174.22264611,2016-12-02,-0.006475885486883937
7606252.02264611,2016-12-05,-0.017175243272214757
7713371.822646111,2016-12-06,0.014083125260782037
7747191.462646112,2016-12-07,0.004384546833423375
7840838.862646108,2016-12-08,0.01208791604693471
7825703.34264611,2016-12-09,-0.0019303444778215884
7591797.822646109,2016-12-12,-0.02988939265373558
7649019.022646107,2016-12-13,0.007537239707478438
7608914.382646112,2016-12-14,-0.005243108937402208
7501302.7826461075,2016-12-15,-0.014142832287012852
7544722.462646111,2016-12-16,0.0057882852163297915
7513585.862646109,2016-12-19,-0.0041269377573739385
7503150.46264611,2016-12-20,-0.0013888707989455629
7552358.622646109,2016-12-21,0.006558333095541435
7519545.582646107,2016-12-22,-0.004344740714723239
7427126.54264611,2016-12-23,-0.012290508646331744
7476749.982646108,2016-12-26,0.006681378015449546
7484516.102646111,2016-12-27,0.0010387026472771232
7443724.582646111,2016-12-28,-0.005450121215662573
7472916.462646111,2016-12-29,0.0039216765311356205
7583043.582646108,2016-12-30,0.014736832741336636
7637528.662646108,2017-01-03,0.0071851202496961974
7851246.86264611,2017-01-04,0.027982638028615447
7788366.70264611,2017-01-05,-0.008008939357029399
7800152.462646107,2017-01-06,0.0015132518087512814
7789642.94264611,2017-01-09,-0.0013473480230451473
7795226.822646109,2017-01-10,0.000716833883287249
7729248.742646112,2017-01-11,-0.008463907657994318
7729442.462646112,2017-01-12,2.5063237896638668e-05
7707805.782646111,2017-01-13,-0.0027992549403872413
7722565.62264611,2017-01-16,0.0019149211093552054
7788931.102646111,2017-01-17,0.00859370878058785
7868156.662646109,2017-01-18,0.010171557426292166
7858104.022646111,2017-01-19,-0.0012776359738390086
7896557.38264611,2017-01-20,0.004893465381621276
7865561.502646112,2017-01-23,-0.003925239632667776
7868630.622646109,2017-01-24,0.0003901971904949342
7850139.62264611,2017-01-25,-0.0023499641661639536
7834075.862646109,2017-01-26,-0.0020463024573040833
7833043.1026461115,2017-02-03,-0.00013182920590826264
7825994.622646111,2017-02-06,-0.0008998392971460989
7777870.82264611,2017-02-07,-0.006149224772113326
7802291.7826461075,2017-02-08,0.0031398001531335318
7858616.182646111,2017-02-09,0.007218955861825194
7860318.102646111,2017-02-10,0.00021656739054876084
7932035.382646111,2017-02-13,0.009123966621129131
7923365.382646112,2017-02-14,-0.0010930359714440563
7886668.38264611,2017-02-15,-0.004631491573060087
7909154.9826461105,2017-02-16,0.0028512166239269554
7912054.70264611,2017-02-17,0.00036662829421874044
8086184.58264611,2017-02-20,0.02200817443056402
8070717.30264611,2017-02-21,-0.0019128032314764676
8153901.102646111,2017-02-22,0.0103068657816483
8128842.9826461105,2017-02-23,-0.003073144950441975
8134542.982646113,2017-02-24,0.0007012068030065599
8060282.782646108,2017-02-27,-0.009128994727599093
8050880.942646111,2017-02-28,-0.0011664404653691784
8077691.822646108,2017-03-01,0.0033301796649329862
8057291.582646111,2017-03-02,-0.0025255036275095843
8040819.622646113,2017-03-03,-0.002044354462171327
8080674.26264611,2017-03-06,0.0049565394910426885
8183172.942646109,2017-03-07,0.012684421703992088
8160415.222646112,2017-03-08,-0.0027810386215103566
8139655.502646106,2017-03-09,-0.002543953883914485
8135951.582646112,2017-03-10,-0.0004550462852869197
8203514.70264611,2017-03-13,0.008304267707800683
8201973.502646109,2017-03-14,-0.00018787069394832212
8269498.462646112,2017-03-15,0.008232769830116782
8275919.58264611,2017-03-16,0.0007764823984190983
8269936.662646111,2017-03-17,-0.0007229311426061313
8372125.902646109,2017-03-20,0.012356713741420666
8504127.18264611,2017-03-21,0.015766757635391038
8483516.662646111,2017-03-22,-0.0024235902823817046
8446959.98264611,2017-03-23,-0.004309142240618735
8452375.46264611,2017-03-24,0.0006411158583830012
8339003.662646112,2017-03-27,-0.013413010401753467
8347435.50264611,2017-03-28,0.0010111327852950769
8370627.342646108,2017-03-29,0.002778319160734677
8363810.182646111,2017-03-30,-0.000814414466316693
8410027.14264611,2017-03-31,0.005525826027938052
8507162.70264611,2017-04-05,0.01154996985769996
8550136.26264611,2017-04-06,0.005051456226014661
8553261.302646114,2017-04-07,0.00036549592942236586
8518915.182646113,2017-04-10,-0.0040155583682887075
8472319.862646112,2017-04-11,-0.005469630698392125
8501085.26264611,2017-04-12,0.0033952211987207104
8582753.30264611,2017-04-13,0.009606778132063898
8548946.70264611,2017-04-14,-0.003938899186299194
8529066.54264611,2017-04-17,-0.0023254513908533836
8658733.222646112,2017-04-18,0.01520291574132493
8644597.662646113,2017-04-19,-0.0016325205588998415
8823949.62264611,2017-04-20,0.02074728830642858
8647218.902646108,2017-04-21,-0.02002852776339914
8596130.02264611,2017-04-24,-0.005908128448600225
8834410.182646113,2017-04-25,0.027719469036911137
8829620.102646109,2017-04-26,-0.0005422071084510982
8877209.18264611,2017-04-27,0.005389708667730808
8743336.062646111,2017-04-28,-0.01508054133293435
8746942.822646111,2017-05-02,0.0004125153115650537
8812825.822646113,2017-05-03,0.007532117373561409
8769447.862646116,2017-05-04,-0.004922139716926011
8702762.902646113,2017-05-05,-0.007604237010639059
8606940.262646113,2017-05-08,-0.011010599860288628
8628900.22264611,2017-05-09,0.002551424702609273
8617715.902646106,2017-05-10,-0.001296146636468376
8655455.62264611,2017-05-11,0.004379318188989734
8716292.622646112,2017-05-12,0.0070287461056155465
8818809.062646106,2017-05-15,0.01176147296083685
8964164.66264611,2017-05-16,0.01648245233199197
8899444.22264611,2017-05-17,-0.007219907535800929
8856327.462646114,2017-05-18,-0.004844882323131849
9001014.14264611,2017-05-19,0.01633709690729601
9034857.422646109,2017-05-22,0.003759940764858083
9209640.182646109,2017-05-23,0.01934538109720485
9149005.22264611,2017-05-24,-0.006583857653228886
9221642.702646114,2017-05-25,0.007939385565133072
9223557.38264611,2017-05-26,0.00020762895090764566
9128701.22264611,2017-05-31,-0.010284118812820542
9212430.58264611,2017-06-01,0.009172099946954893
9183935.022646112,2017-06-02,-0.0030931641486314776
9142132.70264611,2017-06-05,-0.004551678544863824
9262006.662646111,2017-06-06,0.013112253332890678
9417819.342646107,2017-06-07,0.016822777792677712
9571034.30264611,2017-06-08,0.016268623810419713
9593956.902646113,2017-06-09,0.0023949971628109967
9683584.74264611,2017-06-12,0.009342114094266663
9718157.62264611,2017-06-13,0.0035702563584478764
9635709.82264611,2017-06-14,-0.00848389202989197
9547171.342646113,2017-06-15,-0.009188578903851052
9480992.542646108,2017-06-16,-0.006931770429675965
9620212.10264611,2017-06-19,0.014684070193472287
9562085.342646107,2017-06-20,-0.006042149526413798
9726128.90264611,2017-06-21,0.017155626008521496
9676121.102646109,2017-06-22,-0.005141593382172349
9779539.942646112,2017-06-23,0.01068804729735362
9977507.462646112,2017-06-26,0.02024302995447802
9979834.54264611,2017-06-27,0.00023323259929508566
9848064.702646106,2017-06-28,-0.01320360968279799
9896874.74264611,2017-06-29,0.00495630781009071
9898403.22264611,2017-06-30,0.00015444067341929824
9746787.142646112,2017-07-03,-0.015317226080780677
9587329.502646107,2017-07-04,-0.01636002076030907
9737918.222646108,2017-07-05,0.01570705585517196
9710747.78264611,2017-07-06,-0.0027901692516590915
9620575.10264611,2017-07-07,-0.00928586366552997
9682261.862646107,2017-07-10,0.006411961794573928
9803088.10264611,2017-07-11,0.012479133668770848
9711319.94264611,2017-07-12,-0.009361148144249487
9717537.50264611,2017-07-13,0.0006402384059756017
9752295.382646114,2017-07-14,0.003576819743740689
9615688.982646111,2017-07-17,-0.014007615093682313
9641487.78264611,2017-07-18,0.0026829902721021703
9769177.342646109,2017-07-19,0.013243761012675881
9910347.102646109,2017-07-20,0.014450526901967686
9942447.18264611,2017-07-21,0.0032390469947749523
9998964.38264611,2017-07-24,0.005684435527970155
9989904.382646106,2017-07-25,-0.0009060938366505233
9924257.782646108,2017-07-26,-0.006571294127102445
9987748.502646107,2017-07-27,0.006397528297886534
10121377.662646111,2017-07-28,0.013379307655233985
10186739.582646107,2017-07-31,0.00645780862828782
10214763.582646111,2017-08-01,0.0027510274286135505
10218456.022646105,2017-08-02,0.0003614807107494844
10122685.50264611,2017-08-03,-0.00937230828099167
10019871.66264611,2017-08-04,-0.010156775094230075
10162743.58264611,2017-08-07,0.014258857279841664
10189341.182646109,2017-08-08,0.00261716728201411
10303904.34264611,2017-08-09,0.011243431537567794
10300378.822646106,2017-08-10,-0.00034215379750890396
10094685.262646114,2017-08-11,-0.019969514086973117
10373071.862646108,2017-08-14,0.02757754132564405
10348743.74264611,2017-08-15,-0.0023453149001700924
10316489.742646107,2017-08-16,-0.003116706800564195
10334999.102646112,2017-08-17,0.0017941529010097046
10302245.342646107,2017-08-18,-0.0031692078223422016
10317623.98264611,2017-08-21,0.001492746434249792
10376276.182646109,2017-08-22,0.005684661516900613
10406756.862646108,2017-08-23,0.0029375355342775578
10369403.142646106,2017-08-24,-0.003589371837260824
10432818.062646111,2017-08-25,0.006115580533193832
10484716.702646108,2017-08-28,0.0049745562213736605
10443961.222646113,2017-08-29,-0.0038871322092765004
10494261.022646109,2017-08-30,0.00481616112198191
10478321.38264611,2017-08-31,-0.0015188911316005305
10573087.462646108,2017-09-01,0.009044013495992598
10592156.782646108,2017-09-04,0.0018035715742796832
10576814.502646111,2017-09-05,-0.0014484566566399515
10534390.78264611,2017-09-06,-0.00401101106475743
10437589.222646106,2017-09-07,-0.009189099018376168
10384668.502646113,2017-09-08,-0.005070205281232254
10432211.26264611,2017-09-11,0.004578168286053952
10590523.18264611,2017-09-12,0.015175298507120516
10697030.062646111,2017-09-13,0.010056810052077925
10644776.182646107,2017-09-14,-0.004884896059372035
10597743.78264611,2017-09-15,-0.004418354993379059
10715287.982646108,2017-09-18,0.01109143629160747
10673940.70264611,2017-09-19,-0.003858718502662839
10685553.582646115,2017-09-20,0.001087965571808569
10688425.34264611,2017-09-21,0.0002687516353536701
10689517.062646106,2017-09-22,0.00010214039626954552
10804801.742646107,2017-09-25,0.010784835210456478
10837758.422646113,2017-09-26,0.003050188313028057
10821362.94264611,2017-09-27,-0.0015128109855025995
10972538.902646113,2017-09-28,0.013970140434365286
10977292.34264611,2017-09-29,0.0004332124080099753
11150740.622646108,2017-10-09,0.01580064323568764
11299232.902646106,2017-10-10,0.01331680872375629
11353137.30264611,2017-10-11,0.004770624737488127
11372797.78264611,2017-10-12,0.001731722208223374
11462644.10264611,2017-10-13,0.00790010705519606
11479374.42264611,2017-10-16,0.0014595515528688097
11445294.062646111,2017-10-17,-0.0029688342539613277
11565206.982646106,2017-10-18,0.010477050160847545
11797047.182646113,2017-10-19,0.020046351124358486
11724851.382646114,2017-10-20,-0.00611981955164187
11736354.662646111,2017-10-23,0.0009811024144001923
11702316.82264611,2017-10-24,-0.002900205470812489
11711595.982646108,2017-10-25,0.0007929335823519956
12164275.502646111,2017-10-26,0.038652248649182486
12676204.74264611,2017-10-27,0.04208464695563974
12362459.742646113,2017-10-30,-0.02475070467617768
12312525.622646112,2017-10-31,-0.0040391735172043974
12320839.462646108,2017-11-01,0.0006752343308593645
12356054.90264611,2017-11-02,0.002858201351195744
12479043.422646105,2017-11-03,0.00995370455772715
12738303.182646109,2017-11-06,0.020775611657021464
12671824.102646114,2017-11-07,-0.005218833234442166
12710937.742646107,2017-11-08,0.003086662163486409
12774058.822646111,2017-11-09,0.004965886961134869
13204319.902646106,2017-11-10,0.033682409481097686
13397207.702646112,2017-11-13,0.014607931451384504
13244506.622646114,2017-11-14,-0.011397978100305073
13274924.78264611,2017-11-15,0.002296662372306635
13729064.26264611,2017-11-16,0.034210324158949756
13419881.622646116,2017-11-17,-0.02252029956922963
13328383.182646109,2017-11-20,-0.006818125716221091
13440940.582646111,2017-11-21,0.008444940279519697
13189975.46264611,2017-11-22,-0.01867169328343188
12746735.86264611,2017-11-23,-0.03360427782866238
12642602.862646112,2017-11-24,-0.00816938556836
12467894.862646116,2017-11-27,-0.013818989799655013
12803469.182646113,2017-11-28,0.026915074573284903
12702598.74264611,2017-11-29,-0.007878367851794743
12507226.54264611,2017-11-30,-0.015380490556163195
12400783.702646108,2017-12-01,-0.008510507076613827
12628684.102646107,2017-12-04,0.018377902999095808
12570897.582646111,2017-12-05,-0.004575814829978042
12431415.94264611,2017-12-06,-0.011095599107620813
12273882.062646113,2017-12-07,-0.012672239487987458
12446855.862646114,2017-12-08,0.014092835430317807
12865206.942646112,2017-12-11,0.033610984542329136
12776815.70264611,2017-12-12,-0.006870564958189607
13026935.182646114,2017-12-13,0.019576041935722932
12960436.98264611,2017-12-14,-0.005104669599384382
12740998.342646109,2017-12-15,-0.01693142293688299
12892379.942646107,2017-12-18,0.011881455120616335
13011592.462646112,2017-12-19,0.009246742690670162
13209453.38264611,2017-12-20,0.015206510699441234
13247446.982646108,2017-12-21,0.0028762431646045528
13266663.342646105,2017-12-22,0.0014505708175447385
13294094.302646112,2017-12-25,0.002067660819569328
13233064.342646115,2017-12-26,-0.0045907572648893336
12921854.34264611,2017-12-27,-0.023517606500035648
13539989.982646111,2017-12-28,0.047836450064288494
13332469.742646111,2017-12-29,-0.015326469241555896
13524956.142646115,2018-01-02,0.014437415101292483
13653298.74264611,2018-01-03,0.009489317277363352
13933131.062646111,2018-01-04,0.020495583175510923
13974198.22264611,2018-01-05,0.0029474466159367108
14183042.382646114,2018-01-08,0.014944983366670606
14555338.66264611,2018-01-09,0.02624939487281841
14695299.302646112,2018-01-10,0.009615759773366817
14567564.02264611,2018-01-11,-0.008692254398452448
14737101.142646108,2018-01-12,0.011637986950765455
14666637.902646113,2018-01-15,-0.0047813500984998925
14584503.86264611,2018-01-16,-0.005600059164560411
14259736.90264611,2018-01-17,-0.022267947066186844
14316315.182646109,2018-01-18,0.003967694522435394
14336887.702646108,2018-01-19,0.0014369982595059394
14739657.982646111,2018-01-22,0.028093285541021862
14795759.142646108,2018-01-23,0.0038061371618016704
14708394.502646111,2018-01-24,-0.0059047081773712096
14698187.94264611,2018-01-25,-0.0006939275390094313
14840907.582646105,2018-01-26,0.009710015993597443
14302347.74264611,2018-01-29,-0.036288874989677145
14344147.54264611,2018-01-30,0.0029225831137753566
14629195.14264611,2018-01-31,0.019872048802658693
14499774.622646108,2018-02-01,-0.008846728664020809
14424927.062646108,2018-02-02,-0.005161980923696685
14107628.142646108,2018-02-05,-0.021996570147079453
13782960.622646112,2018-02-06,-0.02301361481300701
13375917.342646113,2018-02-07,-0.02953235456039871
13471522.182646109,2018-02-08,0.007147535197094879
13069026.78264611,2018-02-09,-0.029877499702185784
13322547.462646103,2018-02-12,0.019398589062242344
13526679.262646113,2018-02-13,0.015322279809650396
13657009.142646108,2018-02-14,0.009635024049095442
14052713.542646114,2018-02-22,0.028974455231516094
14067489.182646107,2018-02-23,0.0010514439047770718
14155241.86264611,2018-02-26,0.00623797742871246
14002623.502646111,2018-02-27,-0.010781755725611464
13792028.902646113,2018-02-28,-0.015039653102163375
14055914.542646112,2018-03-01,0.019133199463450268
13965050.142646117,2018-03-02,-0.00646449576257091
13858137.46264611,2018-03-05,-0.007655731909871233
13910086.302646108,2018-03-06,0.0037486163014346374
13791864.26264611,2018-03-07,-0.008499015565238244
14007803.46264611,2018-03-08,0.015656998639759667
14095415.702646114,2018-03-09,0.006254530928681001
14080337.662646113,2018-03-12,-0.0010697123318732515
13878894.662646111,2018-03-13,-0.014306688150981794
14048710.62264611,2018-03-14,0.012235553632166773
14328655.74264611,2018-03-15,0.019926748263199068
14199661.982646111,2018-03-16,-0.009002502559683712
14350381.302646112,2018-03-19,0.010614289282674383
14321254.38264611,2018-03-20,-0.0020296965903359165
14209867.382646106,2018-03-21,-0.007777740484449347
14002694.38264611,2018-03-22,-0.014579516783739144
13696976.102646112,2018-03-23,-0.021832818145262278
13702034.702646108,2018-03-26,0.00036932239365006225
13801703.702646108,2018-03-27,0.007274029161577822
13358322.582646111,2018-03-28,-0.0321251006073251
13453716.342646109,2018-03-29,0.007141148105221262
13450591.66264611,2018-03-30,-0.0002322540419626984
13435741.502646111,2018-04-02,-0.0011040525482042263
13415734.94264611,2018-04-03,-0.0014890551441512079
13536122.382646112,2018-04-04,0.00897360006847725
13661362.262646116,2018-04-09,0.00925227154865027
13841445.54264611,2018-04-10,0.013181941634941463
13807299.302646112,2018-04-11,-0.0024669562073406093
13685419.182646113,2018-04-12,-0.008827223726267874
13578190.582646111,2018-04-13,-0.00783524410680625
13474137.462646116,2018-04-16,-0.00766325375731447
13176689.62264611,2018-04-17,-0.02207546426067042
13131649.78264611,2018-04-18,-0.0034181453225241576
13432841.262646109,2018-04-19,0.022936301606065745
13252537.222646112,2018-04-20,-0.013422628651273083
13317676.26264611,2018-04-23,0.004915212755538523
13634875.06264611,2018-04-24,0.02381787886597664
13642857.382646106,2018-04-25,0.0005854340405262448
13404089.622646116,2018-04-26,-0.0175013014724984
13261542.622646106,2018-04-27,-0.01063459018948798
13351828.06264611,2018-05-02,0.006808064685161597
13402043.302646108,2018-05-03,0.0037609262015951828
13306069.66264611,2018-05-04,-0.007161119974970487
13820426.94264611,2018-05-07,0.03865583850383314
13999783.86264611,2018-05-08,0.012977668544128074
13901558.262646109,2018-05-09,-0.007016222604842137
14039932.942646109,2018-05-10,0.009953897065756667
14028488.862646108,2018-05-11,-0.0008151093062017667
14386988.66264611,2018-05-14,0.02555512596617482
14442089.902646108,2018-05-15,0.0038299355961168846
14370947.222646108,2018-05-16,-0.004926065443406791
14229747.582646107,2018-05-17,-0.009825353737121456
14428243.262646109,2018-05-18,0.013949346525448991
14431081.422646105,2018-05-21,0.0001967086323908518
14519074.822646106,2018-05-22,0.00609749175567087
14299660.062646111,2018-05-23,-0.015112172275451252
14202499.022646109,2018-05-24,-0.006794639842789607
14242785.94264611,2018-05-25,0.0028366078347030754
14609933.262646109,2018-05-28,0.025777774199405412
14218483.702646116,2018-05-29,-0.02679338453932778
13955236.822646111,2018-05-30,-0.018514413034845134
14390689.78264611,2018-05-31,0.031203552152791802
14215502.902646108,2018-06-01,-0.012173626326881348
14652099.10264611,2018-06-04,0.030712680584711105
14875593.702646112,2018-06-05,0.015253418533023755
14865944.142646108,2018-06-06,-0.0006486840251820336
14813833.70264611,2018-06-07,-0.0035053569083788316
14741322.062646111,2018-06-08,-0.004894859862443757
14738967.942646114,2018-06-11,-0.00015969531023019012
15078309.582646113,2018-06-12,0.023023432937806954
14928988.622646114,2018-06-13,-0.009903030520865275
14814323.98264611,2018-06-14,-0.0076806703319518554
14591996.062646111,2018-06-15,-0.015007631820421863
14060481.94264611,2018-06-19,-0.0364250454645213
14340284.62264611,2018-06-20,0.01989993523275646
14293658.982646111,2018-06-21,-0.0032513747967294337
14413301.222646113,2018-06-22,0.00837030183420917
14309506.542646112,2018-06-25,-0.007201312065616139
14170465.14264611,2018-06-26,-0.009716715219048377
13658491.742646107,2018-06-27,-0.03612961147331817
13500120.982646106,2018-06-28,-0.011595040139426138
13921693.062646108,2018-06-29,0.03122728163265487
13566541.342646107,2018-07-02,-0.02551067017508979
13409727.222646112,2018-07-03,-0.011558887120850292
13287465.742646115,2018-07-04,-0.0091173726333168
13410704.302646114,2018-07-05,0.0092747979476977
13478954.262646109,2018-07-06,0.005089215186597551
13800216.182646113,2018-07-09,0.023834335642068938
13828835.302646112,2018-07-10,0.0020738167881737546
13699672.382646112,2018-07-11,-0.009340115575408259
14058722.18264611,2018-07-12,0.026208641343483663
14225110.302646112,2018-07-13,0.011835223560032304
14325073.622646108,2018-07-16,0.007027243928041882
14128895.982646111,2018-07-17,-0.013694703787760276
14049860.182646114,2018-07-18,-0.005593911944505314
14019084.902646106,2018-07-19,-0.002190433185806473
14117996.302646114,2018-07-20,0.00705548191532368
14065991.78264611,2018-07-23,-0.0036835623756507063
14296901.06264611,2018-07-24,0.016416139264696872
14270072.182646113,2018-07-25,-0.0018765521201019597
14123396.942646114,2018-07-26,-0.01027852123820161
14071392.34264611,2018-07-27,-0.0036821594840950045
13865575.62264611,2018-07-30,-0.014626606592173075
13951197.822646106,2018-07-31,0.006175163753039836
13698028.742646111,2018-08-01,-0.018146762967480856
13408938.262646114,2018-08-02,-0.021104531566645823
13074385.582646113,2018-08-03,-0.024949975415427206
12813966.502646107,2018-08-06,-0.019918265248782707
13197899.422646113,2018-08-07,0.029962066774618323
12988146.102646109,2018-08-08,-0.015892932146466476
13327230.542646106,2018-08-09,0.026107224027216214
13340786.462646112,2018-08-10,0.0010171595633936548
13244044.54264611,2018-08-13,-0.007251590471886837
13215556.102646107,2018-08-14,-0.00215103776707104
12867267.542646114,2018-08-15,-0.026354438458345064
12696723.302646112,2018-08-16,-0.013254114708873943
12434573.422646109,2018-08-17,-0.020647049931801553
12571723.902646113,2018-08-20,0.011029769605945816
12976601.382646108,2018-08-21,0.032205406604163045
12938211.742646113,2018-08-22,-0.0029583739893046523
13014335.062646111,2018-08-23,0.005883604435772627
12936922.02264611,2018-08-24,-0.005948290068402584
13409270.022646107,2018-08-27,0.03651162147944853
13305673.582646104,2018-08-28,-0.007725733005976121
13308656.462646106,2018-08-29,0.00022418105941612865
13228941.502646113,2018-08-30,-0.005989707542886302
12954420.98264611,2018-08-31,-0.020751510613686852
13026241.622646114,2018-09-03,0.005544102673227691
13171946.222646112,2018-09-04,0.011185467322108567
12847369.022646109,2018-09-05,-0.024641552168043868
12640047.662646113,2018-09-06,-0.01613726200551646
12730897.22264611,2018-09-07,0.007187438087632891
12513767.462646112,2018-09-10,-0.01705533837896056
12482900.34264611,2018-09-11,-0.0024666528359377216
12267475.702646106,2018-09-12,-0.01725757909514314
12347441.302646114,2018-09-13,0.0065185048610088
12471767.422646109,2018-09-14,0.01006897841849641
12422020.622646108,2018-09-17,-0.003988753022259761
12765622.142646112,2018-09-18,0.02766067859955057
13018598.50264611,2018-09-19,0.01981700203665593
13004294.142646112,2018-09-20,-0.0010987634342582986
13417148.822646113,2018-09-21,0.03174756549423874
13343228.182646107,2018-09-25,-0.005509414926906042
13755073.14264611,2018-09-26,0.030865466314638823
13732351.46264611,2018-09-27,-0.0016518763487743948
13844359.62264611,2018-09-28,0.008156517134350727
13063098.58264611,2018-10-08,-0.056431721025365644
13130751.182646107,2018-10-09,0.00517890909051788
12843097.542646114,2018-10-10,-0.021906868540785607
12303940.382646112,2018-10-11,-0.04198030562406807
12662139.942646109,2018-10-12,0.029112589045474646
12557289.14264611,2018-10-15,-0.00828065401858824
12438907.702646106,2018-10-16,-0.009427308605801321
12456172.58264611,2018-10-17,0.0013879739614379716
12116737.262646109,2018-10-18,-0.027250370669470336
12498868.062646115,2018-10-19,0.03153743385837471
12981019.302646106,2018-10-22,0.038575592412319226
12223383.342646107,2018-10-23,-0.05836490512309456
12171385.062646111,2018-10-24,-0.004254000593974627
11929222.142646108,2018-10-25,-0.01989608567583645
11769279.462646108,2018-10-26,-0.013407636984830384
10859158.462646108,2018-10-29,-0.07733022254153998
10679296.142646112,2018-10-30,-0.016563191394498578
11067151.06264611,2018-10-31,0.036318397281929427
11288070.782646108,2018-11-01,0.019961751560945817
11925884.22264611,2018-11-02,0.05650331684494336
11617081.542646112,2018-11-05,-0.025893482968215586
11507207.22264611,2018-11-06,-0.009457996795206758
11462411.54264611,2018-11-07,-0.0038928368224604437
11474084.702646114,2018-11-08,0.0010183860487449348
11326754.502646111,2018-11-09,-0.012840257311855674
11329127.30264611,2018-11-12,0.0002094863095554178
11565923.302646112,2018-11-13,0.020901521686025548
11357077.422646109,2018-11-14,-0.018057000252822197
11458414.66264611,2018-11-15,0.008922827258175836
11465155.302646108,2018-11-16,0.0005882698609234183
11633331.022646107,2018-11-19,0.014668420580503216
11440821.46264611,2018-11-20,-0.01654810300035703
11484666.86264611,2018-11-21,0.003832364672690103
11473785.78264611,2018-11-22,-0.0009474441122354627
11281774.902646102,2018-11-23,-0.016734745064738932
11216877.18264611,2018-11-26,-0.005752438828111162
11164189.62264611,2018-11-27,-0.004697168306479704
11330094.142646115,2018-11-28,0.014860417603752785
11205391.862646108,2018-11-29,-0.01100628807051407
11409180.502646111,2018-11-30,0.018186658931522492
11962817.902646111,2018-12-03,0.048525606188069004
11994558.38264611,2018-12-04,0.0026532611512022353
12083298.26264611,2018-12-05,0.007398344913505994
11770680.622646108,2018-12-06,-0.0258718797802433
11734173.102646112,2018-12-07,-0.0031015640616191
11579477.422646115,2018-12-10,-0.013183347360464004
11690010.222646108,2018-12-11,0.009545577573632391
11762480.58264611,2018-12-12,0.006199341028770844
12017569.622646108,2018-12-13,0.021686670444017286
11837000.26264611,2018-12-14,-0.015025447379953594
11771236.702646108,2018-12-17,-0.005555762316533208
11726591.622646112,2018-12-18,-0.0037927263827733926
11501052.98264611,2018-12-19,-0.019233094087155567
11445421.902646113,2018-12-20,-0.004837042319858709
11292650.302646112,2018-12-21,-0.013347834732477803
11351494.302646106,2018-12-24,0.005210822829270212
11322119.702646114,2018-12-25,-0.0025877297928207366
11232431.942646112,2018-12-26,-0.007921463679547602
11260789.382646112,2018-12-27,0.002524603767447342
11504508.542646106,2018-12-28,0.021643168317807993
11500101.062646111,2019-01-02,-0.00038310893365467447
11358799.702646108,2019-01-03,-0.012286966804054389
11591500.34264611,2019-01-04,0.02048637585763524
11676774.662646117,2019-01-07,0.007356624895767272
11657258.70264611,2019-01-08,-0.0016713485156510943
11866081.662646111,2019-01-09,0.017913556293693622
11924377.782646112,2019-01-10,0.0049128365754902426
12146967.102646107,2019-01-11,0.018666745054315204
11993109.222646112,2019-01-14,-0.012666361792194047
12515875.702646114,2019-01-15,0.04358890345239952
12558089.902646113,2019-01-16,0.0033728522880005496
12480869.342646109,2019-01-17,-0.006149068894922727
12894014.58264611,2019-01-18,0.03310228067113208
12979638.18264611,2019-01-21,0.006640569502321059
12710161.50264611,2019-01-22,-0.020761493980648416
12644301.98264611,2019-01-23,-0.0051816430488541565
12745173.982646108,2019-01-24,0.007977664574797538
12866930.382646112,2019-01-25,0.009553137537846812
12866683.142646112,2019-01-28,-1.921515020653075e-05
13021625.902646108,2019-01-29,0.012042167999493536
12892591.862646116,2019-01-30,-0.00990921110502574
13077522.86264611,2019-01-31,0.014343973808385035
13240730.582646105,2019-02-01,0.012480017944848987
13719627.66264611,2019-02-11,0.03616847854510907
13675408.982646111,2019-02-12,-0.0032230233274034292
13981255.622646108,2019-02-13,0.02236471614034441
14025149.42264611,2019-02-14,0.0031394748214821355
13732756.46264611,2019-02-15,-0.020847760775217106
14170386.102646107,2019-02-18,0.0318675745244863
14060078.90264611,2019-02-19,-0.007784346820260524
13950215.822646111,2019-02-20,-0.007813830972123625
13942631.862646112,2019-02-21,-0.0005436446357831581
14193746.902646113,2019-02-22,0.01801059100418234
14738265.902646108,2019-02-25,0.03836330207483707
14525885.862646112,2019-02-26,-0.014410110484019967
14616003.022646112,2019-02-27,0.006203901149446578
14803803.222646113,2019-02-28,0.012848943702941318
15339208.66264611,2019-03-01,0.03616674931080954
15270249.662646115,2019-03-04,-0.004495603490154099
15225404.902646115,2019-03-05,-0.0029367404587823387
15132316.982646104,2019-03-06,-0.0061139864979112835
14826283.142646108,2019-03-07,-0.02022385866955856
14406213.10264611,2019-03-08,-0.028332794939799455
14769832.142646112,2019-03-11,0.025240431847645795
14747603.982646106,2019-03-12,-0.0015049703872953568
14729008.942646112,2019-03-13,-0.0012608854985443063
14923976.062646106,2019-03-14,0.013236947628939788
15000718.622646108,2019-03-15,0.005142232852549666
15579414.78264611,2019-03-18,0.03857789580336246
15344887.782646112,2019-03-19,-0.01505364631932371
15337683.38264611,2019-03-20,-0.0004694983829174326
15315258.982646111,2019-03-21,-0.0014620460887444509
15361348.422646107,2019-03-22,0.003009380386725491
14968386.742646111,2019-03-25,-0.02558119698793382
14934616.142646108,2019-03-26,-0.0022561282375066494
15219964.582646107,2019-03-27,0.019106513168770434
15393524.342646107,2019-03-28,0.01140342732452182
16169965.742646113,2019-03-29,0.05043948238993967
16503969.542646112,2019-04-01,0.020655813705226844
16415583.982646108,2019-04-02,-0.005355412209869681
16453772.582646104,2019-04-03,0.0023263625613543226
16717469.58264611,2019-04-04,0.016026537298693855
17128788.38264611,2019-04-08,0.024604130306118632
17179034.942646116,2019-04-09,0.0029334567558154667
17620703.182646107,2019-04-10,0.025709723594750322
17194615.302646115,2019-04-11,-0.02418109399967805
17070618.582646113,2019-04-12,-0.00721136924656407
16939938.902646113,2019-04-15,-0.007655239871204644
17463138.102646112,2019-04-16,0.030885542327326432
17546598.462646108,2019-04-17,0.00477923037139294
17417952.782646112,2019-04-18,-0.007331659197300389
17589369.062646117,2019-04-19,0.00984135633728389
17374704.18264611,2019-04-22,-0.012204239915340809
17652610.70264611,2019-04-23,0.01599489217649941
17632238.14264611,2019-04-24,-0.0011540819849918948
17289627.062646113,2019-04-25,-0.019430946725438325
17059118.702646114,2019-04-26,-0.013332176522072525
17390903.34264611,2019-04-29,0.019449107880850303
17494147.26264611,2019-04-30,0.005936662286358807
16357847.542646108,2019-05-06,-0.06495313563675398
16280840.222646104,2019-05-07,-0.004707668279658406
16104299.462646112,2019-05-08,-0.010843467387784411
15689814.742646119,2019-05-09,-0.025737519409732124
16480447.982646113,2019-05-10,0.05039149620109873
16224806.142646112,2019-05-13,-0.015511825908445687
16135929.542646112,2019-05-14,-0.005477821997909249
16495447.542646108,2019-05-15,0.022280588115473288
16554544.982646115,2019-05-16,0.0035826515071639697
16135794.382646106,2019-05-17,-0.02529520445527067
15851350.142646113,2019-05-20,-0.01762815224677816
16063992.582646105,2019-05-21,0.013414784109014422
15976024.302646102,2019-05-22,-0.005476115576337759
15540752.14264611,2019-05-23,-0.027245336621571026
15732562.462646112,2019-05-24,0.012342409057129577
15791349.662646111,2019-05-27,0.003736657657617881
15953153.10264611,2019-05-28,0.010246333812919062
16195407.822646106,2019-05-29,0.015185381751261051
16062104.30264611,2019-05-30,-0.008230945553195479
15912025.542646114,2019-05-31,-0.009343654926663114
15941868.382646108,2019-06-03,0.0018754896992851933
15651208.542646106,2019-06-04,-0.018232482731848854
15608121.062646113,2019-06-05,-0.0027529810162959523
15474195.66264611,2019-06-06,-0.008580494696476926
15648659.702646112,2019-06-10,0.011274514281937709
16338096.222646106,2019-06-11,0.044057224906195236
16235149.622646112,2019-06-12,-0.00630101565060559
16287341.382646108,2019-06-13,0.003214738466419398
16248125.70264611,2019-06-14,-0.002407739794892616
16261093.62264611,2019-06-17,0.0007981179021705476
16337974.542646114,2019-06-18,0.004727905870545834
16577111.342646109,2019-06-19,0.01463686942195852
17276381.70264611,2019-06-20,0.0421828837091216
17306712.062646113,2019-06-21,0.0017555967749518508
17472143.942646112,2019-06-24,0.009558827777406576
17362374.302646104,2019-06-25,-0.006282551263332992
17323484.182646107,2019-06-26,-0.002239907936673724
17576104.462646116,2019-06-27,0.01458253301336887
17440708.182646103,2019-06-28,-0.007703429408249418
18098473.422646113,2019-07-01,0.03771436532918426
18012131.74264611,2019-07-02,-0.004770660927234105
17502384.78264611,2019-07-03,-0.028300201624281263
17416918.34264611,2019-07-04,-0.004883131131063867
17669867.182646118,2019-07-05,0.014523168509130047
17315562.26264611,2019-07-08,-0.020051362941085227
17209203.82264611,2019-07-09,-0.006142361327153623
17238836.42264611,2019-07-10,0.0017219041801923574
17217235.382646106,2019-07-11,-0.001253045128476682
17292796.782646116,2019-07-12,0.004388706916103935
17198063.462646108,2019-07-15,-0.005478195412269904
17070048.26264611,2019-07-16,-0.007443582254365255
16981535.8226461,2019-07-17,-0.005185248374118379
16742631.542646112,2019-07-18,-0.014068473104852597
16887891.262646105,2019-07-19,0.008676038747552628
16837474.102646112,2019-07-22,-0.00298540292662286
16885222.06264611,2019-07-23,0.0028358149036435965
16867944.142646108,2019-07-24,-0.0010232569009692716
17103749.222646113,2019-07-25,0.013979479538578365
17159680.86264611,2019-07-26,0.003270139153229712
17271881.86264611,2019-07-29,0.006538641417524582
17306337.582646113,2019-07-30,0.001994902482196803
17171002.94264611,2019-07-31,-0.007819946846276182
17000640.462646104,2019-08-01,-0.009921521798641697
16844578.86264611,2019-08-02,-0.00917974827730128
16578899.742646107,2019-08-05,-0.015772381260843682
16544761.342646107,2019-08-06,-0.002059147502544212
16518669.10264611,2019-08-07,-0.0015770695907677545
16884089.06264611,2019-08-08,0.02212163448091964
16647084.142646113,2019-08-09,-0.014037175421227732
17354924.54264611,2019-08-12,0.0425203833857406
17255556.862646114,2019-08-13,-0.0057256186712780766
17544208.502646107,2019-08-14,0.016728039685862006
17605093.102646116,2019-08-15,0.003470353193238962
17747435.182646107,2019-08-16,0.00808527845720941
17932352.862646114,2019-08-19,0.010419403034688912
18046422.58264611,2019-08-20,0.006361112837435234
17985600.142646115,2019-08-21,-0.003370332248480268
18417994.102646112,2019-08-22,0.024041119371643216
18757085.182646107,2019-08-23,0.01841085832204037
18400759.582646113,2019-08-26,-0.01899685353722569
18597775.90264612,2019-08-27,0.010706966694234543
18469846.742646098,2019-08-28,-0.006878734353489069
18568583.502646107,2019-08-29,0.005345835370254015
18869721.742646113,2019-08-30,0.016217620474770822
18968667.742646113,2019-09-02,0.005243638531053696
18965363.582646105,2019-09-03,-0.0001741904094075819
18862738.822646104,2019-09-04,-0.005411167550402607
19149961.382646117,2019-09-05,0.015226980699917236
19189545.502646115,2019-09-06,0.002067060043048796
19166620.70264612,2019-09-09,-0.0011946504932507374
19002885.022646118,2019-09-10,-0.008542751617002464
18366846.90264611,2019-09-11,-0.03347060823880321
18746932.422646105,2019-09-12,0.02069410835810026
18719130.942646112,2019-09-16,-0.0014829882229910885
18542200.622646116,2019-09-17,-0.009451844775384965
19148724.782646116,2019-09-18,0.03271047338681221
19130545.94264612,2019-09-19,-0.0009493499022175111
19284833.302646115,2019-09-20,0.00806497422826058
19084902.582646117,2019-09-23,-0.010367251656386633
19459789.90264611,2019-09-24,0.01964313511041338
19279083.142646104,2019-09-25,-0.009286161921790992
19154015.98264611,2019-09-26,-0.006487194389620088
19247890.50264612,2019-09-27,0.00490103590208224
18955871.422646105,2019-09-30,-0.015171484893883203
19193793.782646112,2019-10-08,0.012551380767215292
18995098.222646117,2019-10-09,-0.010352073292547503
19172096.622646105,2019-10-10,0.009318109226145843
19445730.94264611,2019-10-11,0.014272529780430254
19555135.062646106,2019-10-14,0.0056261253599916294
19838701.50264611,2019-10-15,0.014500868395517674
19410520.6226461,2019-10-16,-0.021583110161867092
19527681.982646104,2019-10-17,0.00603597205235773
19352593.182646118,2019-10-18,-0.008966184524900833
19269107.702646118,2019-10-21,-0.0043139169625527884
19336164.302646108,2019-10-22,0.0034800054592452057
19157203.982646108,2019-10-23,-0.00925521304013277
19043351.4226461,2019-10-24,-0.0059430676889561385
19239797.022646118,2019-10-25,0.010315705236968231
19437548.82264611,2019-10-28,0.010278268516410671
19558425.502646115,2019-10-29,0.006218720328520666
19420409.14264611,2019-10-30,-0.007056619152770227
19390571.262646113,2019-10-31,-0.0015364187119248918
19541129.46264611,2019-11-01,0.007764505643525599
19738268.902646106,2019-11-04,0.010088436309520166
19754335.622646112,2019-11-05,0.0008139883025837236
19654542.342646115,2019-11-06,-0.005051715324994044
19758519.6226461,2019-11-07,0.00529024172566861
19807073.82264612,2019-11-08,0.002457380458016134
19631151.8226461,2019-11-11,-0.008881776358044435
19619563.102646116,2019-11-12,-0.0005903229777182162
19845788.182646114,2019-11-13,0.01153058703786769
19920736.862646118,2019-11-14,0.0037765534586093885
19784597.142646115,2019-11-15,-0.006834070493410338
19849952.782646105,2019-11-18,0.0033033596554319367
19988803.342646107,2019-11-19,0.006995007067291059
19972473.582646117,2019-11-20,-0.0008169453528591442
19899537.582646105,2019-11-21,-0.0036518260844458084
19473761.262646105,2019-11-22,-0.02139629216164851
19405194.4626461,2019-11-25,-0.0035209839062537718
19443464.982646115,2019-11-26,0.0019721791540756595
19446504.142646104,2019-11-27,0.00015630753071538273
19296864.262646113,2019-11-28,-0.007694950151571511
18727471.782646116,2019-11-29,-0.029506995139215286
18806619.862646114,2019-12-02,0.004226308864250461
18663476.74264611,2019-12-03,-0.007611315645525307
18693584.302646108,2019-12-04,0.001613180674488346
18844812.50264611,2019-12-05,0.008089845026595377
19296090.94264612,2019-12-06,0.023947091006431664
19191145.70264612,2019-12-09,-0.0054386787620315236
19298994.54264611,2019-12-10,0.005619718680220265
19261789.622646105,2019-12-11,-0.0019278164941594067
19003106.742646113,2019-12-12,-0.013429846606561324
19446333.6226461,2019-12-13,0.02332391676805745
19317679.582646105,2019-12-16,-0.006615850704637327
19605349.462646116,2019-12-17,0.01489153388062392
19534044.822646115,2019-12-18,-0.003636999184118417
19403850.982646115,2019-12-19,-0.006664970884527888
19277216.142646108,2019-12-20,-0.006526273579057218
19266452.702646106,2019-12-23,-0.000558350330273516
19292072.862646114,2019-12-24,0.0013297808577128478
19206008.26264611,2019-12-25,-0.004461138033883705
19273748.70264611,2019-12-26,0.003527044197505047
19549066.302646104,2019-12-27,0.01428459010478833
19917258.462646108,2019-12-30,0.018834258081684707
19919107.1026461,2019-12-31,9.281598687183035e-05
